tourney_id,tourney_name,surface,draw_size,tourney_level,tourney_date,match_num,winner_id,winner_seed,winner_entry,winner_name,winner_hand,winner_ht,winner_ioc,winner_age,loser_id,loser_seed,loser_entry,loser_name,loser_hand,loser_ht,loser_ioc,loser_age,score,best_of,round,minutes,w_ace,w_df,w_svpt,w_1stIn,w_1stWon,w_2ndWon,w_SvGms,w_bpSaved,w_bpFaced,l_ace,l_df,l_svpt,l_1stIn,l_1stWon,l_2ndWon,l_SvGms,l_bpSaved,l_bpFaced,winner_rank,winner_rank_points,loser_rank,loser_rank_points,year,winner_overall_elo,loser_overall_elo,overall_elo_difference,winner_grass_elo,loser_grass_elo,grass_elo_difference,winner_grass_win_pct,loser_grass_win_pct,winner_recent_form,loser_recent_form,higher_overall_elo_won,higher_grass_elo_won,winner_grass_first_serve_in_pct,winner_grass_first_serve_won_pct,winner_grass_second_serve_won_pct,winner_grass_ace_rate,loser_grass_first_serve_in_pct,loser_grass_first_serve_won_pct,loser_grass_second_serve_won_pct,loser_grass_ace_rate
2024-540,Wimbledon,Grass,128.0,G,2024-07-01,192.0,223670.0,,,Diana Shnaider,L,,RUS,20.2,201585.0,,,Sloane Stephens,R,170.0,USA,31.2,6-1 6-1,3.0,R64,49.0,0.0,1.0,44.0,25.0,17.0,13.0,7.0,1.0,1.0,0.0,1.0,38.0,25.0,8.0,6.0,7.0,0.0,5.0,30.0,1690.0,50.0,1217.0,2024.0,,,,,,,,,,,,,0.6593,0.6433,0.5686,0.0431,0.709,0.5562,0.522,0.0224
2024-540,Wimbledon,Grass,128.0,G,2024-07-01,193.0,215613.0,19.0,,Emma Navarro,R,,USA,23.1,211768.0,,WC,Naomi Osaka,R,180.0,JPN,26.7,6-4 6-1,3.0,R64,59.0,0.0,1.0,45.0,33.0,27.0,7.0,8.0,0.0,0.0,4.0,0.0,48.0,30.0,19.0,8.0,9.0,1.0,5.0,17.0,2323.0,113.0,669.0,2024.0,,,,,,,,,,,,,0.6806,0.6715,0.5071,0.0186,0.5495,0.7823,0.509,0.1021
2024-540,Wimbledon,Grass,128.0,G,2024-07-01,194.0,222661.0,,Q,Sonay Kartal,R,,GBR,22.6,216262.0,,,Clara Burel,R,176.0,FRA,23.2,6-3 5-7 6-3,3.0,R64,135.0,0.0,1.0,98.0,63.0,43.0,19.0,15.0,10.0,13.0,3.0,8.0,107.0,59.0,35.0,24.0,15.0,7.0,12.0,298.0,228.0,45.0,1288.0,2024.0,,,,,,,,,,,,,0.6725,0.6235,0.4431,0.0176,0.5496,0.5883,0.4359,0.0495
2024-540,Wimbledon,Grass,128.0,G,2024-07-01,195.0,221103.0,2.0,,Coco Gauff,R,175.0,USA,20.3,223331.0,,Q,Anca Alexia Todoni,R,,ROU,19.7,6-2 6-1,3.0,R64,66.0,2.0,2.0,47.0,20.0,17.0,16.0,7.0,2.0,2.0,2.0,2.0,54.0,36.0,20.0,5.0,8.0,4.0,9.0,2.0,7943.0,142.0,541.0,2024.0,,,,,,,,,,,,,0.5979,0.755,0.5275,0.0846,0.6638,0.6752,0.4389,0.0439
2024-540,Wimbledon,Grass,128.0,G,2024-07-01,197.0,211533.0,13.0,,Jelena Ostapenko,R,177.0,LAT,27.0,211095.0,,,Bernarda Pera,L,175.0,USA,29.5,6-1 6-3,3.0,R32,59.0,2.0,3.0,46.0,24.0,20.0,10.0,8.0,7.0,9.0,4.0,4.0,52.0,24.0,12.0,10.0,8.0,4.0,10.0,14.0,3058.0,97.0,752.0,2024.0,,,,,,,,,,,,,0.575,0.7188,0.4748,0.0808,0.5889,0.6555,0.4481,0.0735
2024-540,Wimbledon,Grass,128.0,G,2024-07-01,198.0,203389.0,11.0,,Danielle Collins,R,178.0,USA,30.5,206242.0,20.0,,Beatriz Haddad Maia,L,185.0,BRA,28.0,6-4 6-4,3.0,R32,98.0,3.0,8.0,69.0,35.0,22.0,16.0,10.0,4.0,7.0,5.0,5.0,60.0,39.0,24.0,6.0,10.0,3.0,8.0,11.0,3532.0,20.0,2218.0,2024.0,,,,,,,,,,,,,0.5746,0.6808,0.4861,0.0566,0.6636,0.6559,0.5146,0.0362
2024-540,Wimbledon,Grass,128.0,G,2024-07-01,199.0,206252.0,31.0,,Barbora Krejcikova,R,178.0,CZE,28.5,222601.0,,,Jessica Bouzas Maneiro,R,,ESP,21.7,6-0 4-3 RET,3.0,R32,56.0,3.0,3.0,36.0,25.0,23.0,5.0,6.0,0.0,0.0,0.0,5.0,36.0,21.0,11.0,5.0,7.0,1.0,5.0,32.0,1643.0,83.0,828.0,2024.0,,,,,,,,,,,,,0.6443,0.7379,0.5092,0.0642,0.6,0.6418,0.3884,0.0229
2024-540,Wimbledon,Grass,128.0,G,2024-07-01,191.0,201619.0,12.0,,Madison Keys,R,178.0,USA,29.3,206374.0,,,Yafan Wang,R,170.0,CHN,30.1,6-2 6-2,3.0,R64,77.0,5.0,3.0,45.0,34.0,30.0,4.0,8.0,0.0,0.0,1.0,3.0,76.0,48.0,28.0,11.0,8.0,10.0,14.0,13.0,3068.0,71.0,919.0,2024.0,,,,,,,,,,,,,0.7262,0.7262,0.4418,0.0645,0.5981,0.628,0.4643,0.0227
2024-540,Wimbledon,Grass,128.0,G,2024-07-01,200.0,214981.0,4.0,,Elena Rybakina,R,184.0,KAZ,25.0,201496.0,,WC,Caroline Wozniacki,R,177.0,DEN,33.9,6-0 6-1,3.0,R32,57.0,9.0,4.0,45.0,31.0,25.0,6.0,7.0,1.0,1.0,0.0,2.0,42.0,23.0,10.0,6.0,6.0,6.0,11.0,4.0,6026.0,91.0,774.0,2024.0,,,,,,,,,,,,,0.5992,0.815,0.4757,0.1333,0.6543,0.6579,0.4047,0.0295
2024-540,Wimbledon,Grass,128.0,G,2024-07-01,196.0,201709.0,,,Yulia Putintseva,R,163.0,KAZ,29.4,216347.0,1.0,,Iga Swiatek,R,176.0,POL,23.0,3-6 6-1 6-2,3.0,R32,119.0,0.0,4.0,85.0,62.0,42.0,12.0,12.0,7.0,8.0,5.0,2.0,78.0,52.0,32.0,12.0,12.0,4.0,8.0,35.0,1553.0,1.0,11585.0,2024.0,,,,,,,,,,,,,0.6883,0.6834,0.5293,0.0343,0.6863,0.7398,0.5493,0.0349
2024-540,Wimbledon,Grass,128.0,G,2024-07-01,190.0,216146.0,18.0,,Marta Kostyuk,R,175.0,UKR,22.0,201611.0,,,Daria Saville,R,166.0,AUS,30.3,4-6 7-6(2) 6-4,3.0,R64,190.0,4.0,15.0,123.0,77.0,52.0,12.0,16.0,8.0,16.0,0.0,9.0,117.0,71.0,41.0,18.0,16.0,13.0,21.0,19.0,2240.0,82.0,830.0,2024.0,,,,,,,,,,,,,0.6284,0.6785,0.4228,0.036,0.6546,0.5805,0.4306,0.0272
2024-540,Wimbledon,Grass,128.0,G,2024-07-01,183.0,206289.0,9.0,,Maria Sakkari,R,172.0,GRE,28.9,201551.0,,,Arantxa Rus,L,180.0,NED,33.5,7-5 6-3,3.0,R64,89.0,5.0,2.0,66.0,36.0,30.0,18.0,11.0,2.0,2.0,5.0,3.0,57.0,41.0,29.0,6.0,10.0,1.0,3.0,9.0,3805.0,56.0,1054.0,2024.0,,,,,,,,,,,,,0.5935,0.6987,0.4694,0.0548,0.6925,0.642,0.4135,0.0531
2024-540,Wimbledon,Grass,128.0,G,2024-07-01,188.0,211148.0,7.0,,Jasmine Paolini,R,160.0,ITA,28.4,213889.0,,,Greet Minnen,R,,BEL,26.8,7-6(5) 6-2,3.0,R64,92.0,0.0,2.0,58.0,37.0,22.0,11.0,10.0,4.0,8.0,0.0,1.0,84.0,55.0,28.0,11.0,10.0,6.0,12.0,7.0,4228.0,80.0,848.0,2024.0,,,,,,,,,,,,,0.6643,0.6557,0.5133,0.0197,0.6502,0.6007,0.4325,0.0466
2024-540,Wimbledon,Grass,128.0,G,2024-07-01,187.0,202499.0,,,Donna Vekic,R,179.0,CRO,28.0,222965.0,,LL,Erika Andreeva,R,,RUS,20.0,6-2 6-3,3.0,R64,92.0,2.0,3.0,44.0,24.0,20.0,10.0,8.0,0.0,1.0,1.0,5.0,81.0,43.0,22.0,17.0,9.0,10.0,15.0,37.0,1488.0,101.0,729.0,2024.0,,,,,,,,,,,,,0.5892,0.7528,0.4664,0.0672,0.5812,0.6141,0.5094,0.0378
2024-540,Wimbledon,Grass,128.0,G,2024-07-01,186.0,215035.0,28.0,,Dayana Yastremska,R,175.0,UKR,24.1,219875.0,,,Varvara Gracheva,R,,FRA,23.9,3-6 6-4 7-6(5),3.0,R64,155.0,6.0,4.0,123.0,74.0,42.0,27.0,15.0,8.0,14.0,4.0,7.0,110.0,71.0,48.0,15.0,16.0,7.0,13.0,27.0,1760.0,70.0,920.0,2024.0,,,,,,,,,,,,,0.5461,0.6476,0.5371,0.0441,0.6171,0.6967,0.4749,0.0311
2024-540,Wimbledon,Grass,128.0,G,2024-07-01,185.0,211651.0,,,Paula Badosa,R,180.0,ESP,26.6,259104.0,,,Brenda Fruhvirtova,R,,CZE,17.2,6-4 6-2,3.0,R64,80.0,7.0,6.0,57.0,35.0,26.0,7.0,9.0,4.0,7.0,0.0,7.0,53.0,34.0,15.0,7.0,9.0,1.0,7.0,93.0,770.0,88.0,801.0,2024.0,,,,,,,,,,,,,0.5373,0.7308,0.4406,0.0765,0.5912,0.5225,0.3842,0.0
2024-540,Wimbledon,Grass,128.0,G,2024-07-01,184.0,214082.0,14.0,,Daria Kasatkina,R,170.0,RUS,27.1,213908.0,,WC,Yuriko Miyazaki,R,165.0,GBR,28.6,6-0 6-0,3.0,R64,50.0,2.0,1.0,33.0,20.0,17.0,9.0,6.0,0.0,0.0,0.0,5.0,39.0,22.0,10.0,2.0,6.0,4.0,10.0,12.0,3283.0,148.0,512.0,2024.0,,,,,,,,,,,,,0.6983,0.6493,0.4554,0.0269,0.5702,0.5866,0.3816,0.0145
2024-540,Wimbledon,Grass,128.0,G,2024-07-01,182.0,221054.0,,WC,Emma Raducanu,R,175.0,GBR,21.6,210722.0,,,Elise Mertens,R,179.0,BEL,28.6,6-1 6-2,3.0,R64,75.0,3.0,1.0,49.0,36.0,27.0,8.0,8.0,2.0,2.0,1.0,1.0,47.0,27.0,14.0,10.0,7.0,9.0,13.0,135.0,559.0,33.0,1629.0,2024.0,,,,,,,,,,,,,0.6699,0.6558,0.5097,0.0644,0.5324,0.6967,0.4891,0.0715
2024-540,Wimbledon,Grass,128.0,G,2024-07-01,181.0,202684.0,,,Lin Zhu,R,173.0,CHN,30.4,201499.0,25.0,,Anastasia Pavlyuchenkova,R,177.0,RUS,32.9,6-4 6-3,3.0,R64,84.0,3.0,0.0,56.0,36.0,21.0,16.0,9.0,1.0,2.0,3.0,2.0,70.0,48.0,29.0,9.0,10.0,4.0,8.0,61.0,997.0,28.0,1756.0,2024.0,,,,,,,,,,,,,0.6758,0.63,0.5385,0.0197,0.6745,0.6798,0.511,0.033
2024-540,Wimbledon,Grass,128.0,G,2024-07-01,180.0,215138.0,,Q,Lulu Sun,L,,NZL,23.2,263857.0,,Q,Yuliia Starodubtseva,R,,UKR,24.3,4-6 6-3 6-2,3.0,R64,133.0,4.0,2.0,81.0,52.0,35.0,18.0,14.0,6.0,8.0,4.0,0.0,114.0,76.0,44.0,19.0,13.0,16.0,20.0,123.0,616.0,153.0,490.0,2024.0,,,,,,,,,,,,,0.5856,0.7144,0.5215,0.066,0.739,0.6616,0.45,0.0364
2024-540,Wimbledon,Grass,128.0,G,2024-07-01,179.0,216133.0,,,Xin Yu Wang,R,182.0,CHN,22.7,202468.0,5.0,,Jessica Pegula,R,170.0,USA,30.3,6-4 6-7(7) 6-1,3.0,R64,130.0,4.0,4.0,101.0,57.0,39.0,21.0,15.0,4.0,7.0,7.0,3.0,106.0,77.0,44.0,11.0,14.0,8.0,14.0,42.0,1411.0,5.0,5025.0,2024.0,,,,,,,,,,,,,0.5541,0.6028,0.4551,0.0283,0.621,0.684,0.5589,0.038
2024-540,Wimbledon,Grass,128.0,G,2024-07-01,201.0,214939.0,17.0,,Anna Kalinskaya,R,175.0,RUS,25.5,214643.0,15.0,,Liudmila Samsonova,R,180.0,RUS,25.6,7-6(4) 6-2,3.0,R32,97.0,0.0,1.0,59.0,42.0,32.0,11.0,10.0,1.0,2.0,8.0,4.0,67.0,24.0,22.0,17.0,10.0,5.0,8.0,18.0,2310.0,15.0,2830.0,2024.0,,,,,,,,,,,,,0.6629,0.6644,0.5279,0.0222,0.5333,0.7302,0.4873,0.0843
2024-540,Wimbledon,Grass,128.0,G,2024-07-01,189.0,215370.0,,,Bianca Andreescu,R,170.0,CAN,24.0,222328.0,26.0,,Linda Noskova,R,,CZE,19.6,6-3 7-6(5),3.0,R64,93.0,1.0,2.0,76.0,54.0,40.0,15.0,11.0,5.0,5.0,4.0,4.0,76.0,51.0,38.0,10.0,10.0,5.0,6.0,176.0,426.0,26.0,1775.0,2024.0,,,,,,,,,,,,,0.6578,0.6671,0.5101,0.0334,0.6462,0.7003,0.446,0.0609
2024-540,Wimbledon,Grass,128.0,G,2024-07-01,202.0,202494.0,21.0,,Elina Svitolina,R,174.0,UKR,29.8,202460.0,10.0,,Ons Jabeur,R,167.0,TUN,29.8,6-1 7-6(4),3.0,R32,80.0,1.0,0.0,66.0,38.0,29.0,19.0,10.0,2.0,2.0,2.0,2.0,57.0,31.0,21.0,15.0,9.0,1.0,3.0,21.0,2100.0,10.0,3801.0,2024.0,,,,,,,,,,,,,0.6454,0.6765,0.4801,0.0573,0.5465,0.7692,0.5333,0.068
2024-540,Wimbledon,Grass,128.0,G,2024-07-01,219.0,215613.0,19.0,,Emma Navarro,R,,USA,23.1,221103.0,2.0,,Coco Gauff,R,175.0,USA,20.3,6-4 6-3,3.0,R16,74.0,0.0,0.0,61.0,44.0,29.0,10.0,10.0,2.0,3.0,3.0,3.0,54.0,30.0,21.0,11.0,9.0,1.0,4.0,17.0,2323.0,2.0,7943.0,2024.0,,,,,,,,,,,,,0.6806,0.6715,0.5071,0.0186,0.5979,0.755,0.5275,0.0846
2024-540,Wimbledon,Grass,128.0,G,2024-07-01,204.0,215138.0,,Q,Lulu Sun,L,,NZL,23.2,202684.0,,,Lin Zhu,R,173.0,CHN,30.4,7-6(4) 7-6(6),3.0,R32,121.0,10.0,8.0,101.0,59.0,44.0,19.0,12.0,15.0,18.0,2.0,1.0,84.0,61.0,40.0,13.0,12.0,2.0,5.0,123.0,616.0,61.0,997.0,2024.0,,,,,,,,,,,,,0.5856,0.7144,0.5215,0.066,0.6758,0.63,0.5385,0.0197
2024-540,Wimbledon,Grass,128.0,G,2024-07-01,178.0,211279.0,,,Harriet Dart,R,175.0,GBR,27.9,211107.0,32.0,,Katie Boulter,R,180.0,GBR,27.9,4-6 6-1 7-6(8),3.0,R64,177.0,0.0,12.0,114.0,62.0,49.0,23.0,15.0,7.0,10.0,1.0,9.0,121.0,68.0,44.0,25.0,14.0,14.0,18.0,100.0,739.0,29.0,1748.0,2024.0,,,,,,,,,,,,,0.5651,0.6772,0.4683,0.0397,0.6013,0.6883,0.452,0.065
2024-540,Wimbledon,Grass,128.0,G,2024-07-01,226.0,206252.0,31.0,,Barbora Krejcikova,R,178.0,CZE,28.5,211148.0,7.0,,Jasmine Paolini,R,160.0,ITA,28.4,6-2 2-6 6-4,3.0,F,116.0,6.0,4.0,76.0,55.0,40.0,12.0,13.0,4.0,6.0,3.0,1.0,85.0,62.0,38.0,14.0,13.0,4.0,7.0,32.0,1643.0,7.0,4228.0,2024.0,,,,,,,,,,,,,0.6443,0.7379,0.5092,0.0642,0.6643,0.6557,0.5133,0.0197
2024-540,Wimbledon,Grass,128.0,G,2024-07-01,225.0,211148.0,7.0,,Jasmine Paolini,R,160.0,ITA,28.4,202499.0,,,Donna Vekic,R,179.0,CRO,28.0,2-6 6-4 7-6(8),3.0,SF,171.0,5.0,3.0,129.0,81.0,54.0,22.0,15.0,10.0,14.0,7.0,7.0,100.0,58.0,48.0,17.0,15.0,4.0,7.0,7.0,4228.0,37.0,1488.0,2024.0,,,,,,,,,,,,,0.6643,0.6557,0.5133,0.0197,0.5892,0.7528,0.4664,0.0672
2024-540,Wimbledon,Grass,128.0,G,2024-07-01,224.0,206252.0,31.0,,Barbora Krejcikova,R,178.0,CZE,28.5,214981.0,4.0,,Elena Rybakina,R,184.0,KAZ,25.0,3-6 6-3 6-4,3.0,SF,127.0,4.0,6.0,102.0,73.0,49.0,11.0,14.0,6.0,9.0,8.0,3.0,85.0,49.0,33.0,17.0,14.0,2.0,6.0,32.0,1643.0,4.0,6026.0,2024.0,,,,,,,,,,,,,0.6443,0.7379,0.5092,0.0642,0.5992,0.815,0.4757,0.1333
2024-540,Wimbledon,Grass,128.0,G,2024-07-01,223.0,211148.0,7.0,,Jasmine Paolini,R,160.0,ITA,28.4,215613.0,19.0,,Emma Navarro,R,,USA,23.1,6-2 6-1,3.0,QF,58.0,1.0,1.0,51.0,34.0,23.0,10.0,8.0,3.0,4.0,1.0,2.0,34.0,24.0,13.0,0.0,7.0,1.0,6.0,7.0,4228.0,17.0,2323.0,2024.0,,,,,,,,,,,,,0.6643,0.6557,0.5133,0.0197,0.6806,0.6715,0.5071,0.0186
2024-540,Wimbledon,Grass,128.0,G,2024-07-01,222.0,202499.0,,,Donna Vekic,R,179.0,CRO,28.0,215138.0,,Q,Lulu Sun,L,,NZL,23.2,5-7 6-4 6-1,3.0,QF,128.0,11.0,6.0,84.0,45.0,39.0,23.0,15.0,4.0,6.0,10.0,3.0,97.0,58.0,39.0,18.0,14.0,4.0,8.0,37.0,1488.0,123.0,616.0,2024.0,,,,,,,,,,,,,0.5892,0.7528,0.4664,0.0672,0.5856,0.7144,0.5215,0.066
2024-540,Wimbledon,Grass,128.0,G,2024-07-01,221.0,214981.0,4.0,,Elena Rybakina,R,184.0,KAZ,25.0,202494.0,21.0,,Elina Svitolina,R,174.0,UKR,29.8,6-3 6-2,3.0,QF,61.0,7.0,1.0,51.0,26.0,22.0,13.0,9.0,1.0,2.0,1.0,4.0,47.0,33.0,20.0,4.0,8.0,2.0,6.0,4.0,6026.0,21.0,2100.0,2024.0,,,,,,,,,,,,,0.5992,0.815,0.4757,0.1333,0.6454,0.6765,0.4801,0.0573
2024-540,Wimbledon,Grass,128.0,G,2024-07-01,220.0,206252.0,31.0,,Barbora Krejcikova,R,178.0,CZE,28.5,211533.0,13.0,,Jelena Ostapenko,R,177.0,LAT,27.0,6-4 7-6(4),3.0,QF,100.0,5.0,3.0,64.0,47.0,38.0,8.0,11.0,3.0,5.0,4.0,5.0,84.0,41.0,25.0,24.0,11.0,5.0,8.0,32.0,1643.0,14.0,3058.0,2024.0,,,,,,,,,,,,,0.6443,0.7379,0.5092,0.0642,0.575,0.7188,0.4748,0.0808
2024-540,Wimbledon,Grass,128.0,G,2024-07-01,218.0,211148.0,7.0,,Jasmine Paolini,R,160.0,ITA,28.4,201619.0,12.0,,Madison Keys,R,178.0,USA,29.3,6-3 6-7(6) 5-5 RET,3.0,R16,143.0,2.0,2.0,102.0,73.0,44.0,13.0,16.0,2.0,8.0,6.0,3.0,117.0,82.0,45.0,15.0,15.0,6.0,13.0,7.0,4228.0,13.0,3068.0,2024.0,,,,,,,,,,,,,0.6643,0.6557,0.5133,0.0197,0.7262,0.7262,0.4418,0.0645
2024-540,Wimbledon,Grass,128.0,G,2024-07-01,217.0,202499.0,,,Donna Vekic,R,179.0,CRO,28.0,211651.0,,,Paula Badosa,R,180.0,ESP,26.6,6-2 1-6 6-4,3.0,R16,98.0,4.0,5.0,76.0,46.0,34.0,12.0,12.0,2.0,5.0,6.0,4.0,68.0,38.0,28.0,12.0,13.0,0.0,4.0,37.0,1488.0,93.0,770.0,2024.0,,,,,,,,,,,,,0.5892,0.7528,0.4664,0.0672,0.5373,0.7308,0.4406,0.0765
2024-540,Wimbledon,Grass,128.0,G,2024-07-01,203.0,216133.0,,,Xin Yu Wang,R,182.0,CHN,22.7,211279.0,,,Harriet Dart,R,175.0,GBR,27.9,2-6 7-5 6-3,3.0,R32,138.0,0.0,5.0,99.0,63.0,37.0,15.0,14.0,7.0,13.0,2.0,7.0,110.0,69.0,42.0,16.0,15.0,10.0,17.0,42.0,1411.0,100.0,739.0,2024.0,,,,,,,,,,,,,0.5541,0.6028,0.4551,0.0283,0.5651,0.6772,0.4683,0.0397
2024-540,Wimbledon,Grass,128.0,G,2024-07-01,216.0,215138.0,,Q,Lulu Sun,L,,NZL,23.2,221054.0,,WC,Emma Raducanu,R,175.0,GBR,21.6,6-2 5-7 6-2,3.0,R16,170.0,4.0,4.0,100.0,54.0,37.0,25.0,14.0,5.0,7.0,4.0,2.0,106.0,72.0,39.0,18.0,14.0,8.0,13.0,123.0,616.0,135.0,559.0,2024.0,,,,,,,,,,,,,0.5856,0.7144,0.5215,0.066,0.6699,0.6558,0.5097,0.0644
2024-540,Wimbledon,Grass,128.0,G,2024-07-01,214.0,214981.0,4.0,,Elena Rybakina,R,184.0,KAZ,25.0,214939.0,17.0,,Anna Kalinskaya,R,175.0,RUS,25.5,6-3 3-0 RET,3.0,R16,53.0,7.0,1.0,41.0,21.0,18.0,7.0,6.0,2.0,3.0,1.0,1.0,35.0,25.0,10.0,4.0,6.0,2.0,6.0,4.0,6026.0,18.0,2310.0,2024.0,,,,,,,,,,,,,0.5992,0.815,0.4757,0.1333,0.6629,0.6644,0.5279,0.0222
2024-540,Wimbledon,Grass,128.0,G,2024-07-01,213.0,206252.0,31.0,,Barbora Krejcikova,R,178.0,CZE,28.5,203389.0,11.0,,Danielle Collins,R,178.0,USA,30.5,7-5 6-3,3.0,R16,102.0,5.0,5.0,60.0,40.0,32.0,10.0,10.0,2.0,3.0,6.0,7.0,75.0,45.0,31.0,9.0,11.0,11.0,15.0,32.0,1643.0,11.0,3532.0,2024.0,,,,,,,,,,,,,0.6443,0.7379,0.5092,0.0642,0.5746,0.6808,0.4861,0.0566
2024-540,Wimbledon,Grass,128.0,G,2024-07-01,212.0,211533.0,13.0,,Jelena Ostapenko,R,177.0,LAT,27.0,201709.0,,,Yulia Putintseva,R,163.0,KAZ,29.4,6-2 6-3,3.0,R16,68.0,3.0,4.0,68.0,41.0,26.0,13.0,9.0,2.0,4.0,0.0,2.0,44.0,24.0,13.0,7.0,8.0,1.0,6.0,14.0,3058.0,35.0,1553.0,2024.0,,,,,,,,,,,,,0.575,0.7188,0.4748,0.0808,0.6883,0.6834,0.5293,0.0343
2024-540,Wimbledon,Grass,128.0,G,2024-07-01,211.0,221103.0,2.0,,Coco Gauff,R,175.0,USA,20.3,222661.0,,Q,Sonay Kartal,R,,GBR,22.6,6-4 6-0,3.0,R32,62.0,5.0,4.0,42.0,29.0,26.0,5.0,8.0,1.0,2.0,1.0,2.0,48.0,33.0,16.0,5.0,8.0,4.0,9.0,2.0,7943.0,298.0,228.0,2024.0,,,,,,,,,,,,,0.5979,0.755,0.5275,0.0846,0.6725,0.6235,0.4431,0.0176
2024-540,Wimbledon,Grass,128.0,G,2024-07-01,210.0,215613.0,19.0,,Emma Navarro,R,,USA,23.1,223670.0,,,Diana Shnaider,L,,RUS,20.2,2-6 6-3 6-4,3.0,R32,116.0,1.0,4.0,83.0,57.0,36.0,10.0,14.0,6.0,12.0,2.0,2.0,78.0,43.0,25.0,17.0,13.0,4.0,10.0,17.0,2323.0,30.0,1690.0,2024.0,,,,,,,,,,,,,0.6806,0.6715,0.5071,0.0186,0.6593,0.6433,0.5686,0.0431
2024-540,Wimbledon,Grass,128.0,G,2024-07-01,209.0,201619.0,12.0,,Madison Keys,R,178.0,USA,29.3,216146.0,18.0,,Marta Kostyuk,R,175.0,UKR,22.0,6-4 6-3,3.0,R32,81.0,2.0,1.0,55.0,45.0,32.0,6.0,9.0,0.0,1.0,1.0,2.0,66.0,46.0,26.0,10.0,10.0,7.0,11.0,13.0,3068.0,19.0,2240.0,2024.0,,,,,,,,,,,,,0.7262,0.7262,0.4418,0.0645,0.6284,0.6785,0.4228,0.036
2024-540,Wimbledon,Grass,128.0,G,2024-07-01,208.0,211148.0,7.0,,Jasmine Paolini,R,160.0,ITA,28.4,215370.0,,,Bianca Andreescu,R,170.0,CAN,24.0,7-6(4) 6-1,3.0,R32,91.0,1.0,1.0,56.0,37.0,28.0,10.0,9.0,0.0,1.0,3.0,1.0,65.0,45.0,26.0,8.0,10.0,3.0,7.0,7.0,4228.0,176.0,426.0,2024.0,,,,,,,,,,,,,0.6643,0.6557,0.5133,0.0197,0.6578,0.6671,0.5101,0.0334
2024-540,Wimbledon,Grass,128.0,G,2024-07-01,207.0,202499.0,,,Donna Vekic,R,179.0,CRO,28.0,215035.0,28.0,,Dayana Yastremska,R,175.0,UKR,24.1,7-6(4) 6-7(3) 6-1,3.0,R32,174.0,5.0,8.0,107.0,62.0,50.0,20.0,15.0,4.0,6.0,5.0,4.0,131.0,70.0,41.0,34.0,16.0,12.0,17.0,37.0,1488.0,27.0,1760.0,2024.0,,,,,,,,,,,,,0.5892,0.7528,0.4664,0.0672,0.5461,0.6476,0.5371,0.0441
2024-540,Wimbledon,Grass,128.0,G,2024-07-01,206.0,211651.0,,,Paula Badosa,R,180.0,ESP,26.6,214082.0,14.0,,Daria Kasatkina,R,170.0,RUS,27.1,7-6(6) 4-6 6-4,3.0,R32,171.0,8.0,4.0,127.0,73.0,43.0,31.0,16.0,8.0,12.0,3.0,6.0,114.0,74.0,45.0,21.0,16.0,14.0,18.0,93.0,770.0,12.0,3283.0,2024.0,,,,,,,,,,,,,0.5373,0.7308,0.4406,0.0765,0.6983,0.6493,0.4554,0.0269
2024-540,Wimbledon,Grass,128.0,G,2024-07-01,205.0,221054.0,,WC,Emma Raducanu,R,175.0,GBR,21.6,206289.0,9.0,,Maria Sakkari,R,172.0,GRE,28.9,6-2 6-3,3.0,R32,92.0,3.0,3.0,59.0,45.0,32.0,7.0,8.0,7.0,7.0,2.0,6.0,62.0,36.0,25.0,7.0,9.0,5.0,9.0,135.0,559.0,9.0,3805.0,2024.0,,,,,,,,,,,,,0.6699,0.6558,0.5097,0.0644,0.5935,0.6987,0.4694,0.0548
2024-540,Wimbledon,Grass,128.0,G,2024-07-01,215.0,202494.0,21.0,,Elina Svitolina,R,174.0,UKR,29.8,216133.0,,,Xin Yu Wang,R,182.0,CHN,22.7,6-2 6-1,3.0,R16,55.0,8.0,1.0,47.0,30.0,24.0,11.0,8.0,3.0,3.0,3.0,4.0,50.0,31.0,17.0,6.0,7.0,2.0,6.0,21.0,2100.0,42.0,1411.0,2024.0,,,,,,,,,,,,,0.6454,0.6765,0.4801,0.0573,0.5541,0.6028,0.4551,0.0283
2024-540,Wimbledon,Grass,128.0,G,2024-07-01,177.0,202494.0,21.0,,Elina Svitolina,R,174.0,UKR,29.8,215898.0,,,Jule Niemeier,R,178.0,GER,24.8,6-3 6-4,3.0,R64,75.0,4.0,2.0,53.0,36.0,26.0,10.0,10.0,1.0,3.0,3.0,6.0,55.0,26.0,18.0,10.0,9.0,2.0,6.0,21.0,2100.0,90.0,790.0,2024.0,,,,,,,,,,,,,0.6454,0.6765,0.4801,0.0573,0.5451,0.6994,0.4563,0.0524
2024-540,Wimbledon,Grass,128.0,G,2024-07-01,102.0,201709.0,,,Yulia Putintseva,R,163.0,KAZ,29.4,201493.0,,WC,Angelique Kerber,L,173.0,GER,36.4,7-5 6-3,3.0,R128,79.0,2.0,1.0,72.0,48.0,34.0,15.0,11.0,3.0,4.0,0.0,0.0,59.0,40.0,28.0,6.0,10.0,2.0,5.0,35.0,1553.0,221.0,334.0,2024.0,,,,,,,,,,,,,0.6883,0.6834,0.5293,0.0343,0.7017,0.6671,0.3891,0.0407
2024-540,Wimbledon,Grass,128.0,G,2024-07-01,175.0,214643.0,15.0,,Liudmila Samsonova,R,180.0,RUS,25.6,220589.0,,,Elina Avanesyan,R,,ARM,21.7,6-3 6-3,3.0,R64,85.0,6.0,4.0,56.0,28.0,21.0,13.0,9.0,7.0,9.0,1.0,5.0,54.0,36.0,19.0,7.0,9.0,3.0,8.0,15.0,2830.0,77.0,855.0,2024.0,,,,,,,,,,,,,0.5333,0.7302,0.4873,0.0843,0.6908,0.5497,0.4038,0.0084
2024-540,Wimbledon,Grass,128.0,G,2024-07-01,107.0,211533.0,13.0,,Jelena Ostapenko,R,177.0,LAT,27.0,201548.0,,WC,Ajla Tomljanovic,R,180.0,AUS,31.1,6-1 6-2,3.0,R128,69.0,11.0,9.0,60.0,33.0,26.0,14.0,8.0,4.0,4.0,4.0,6.0,54.0,33.0,21.0,4.0,7.0,4.0,8.0,14.0,3058.0,136.0,556.0,2024.0,,,,,,,,,,,,,0.575,0.7188,0.4748,0.0808,0.6448,0.6568,0.4159,0.0617
2024-540,Wimbledon,Grass,128.0,G,2024-07-01,106.0,220750.0,,Q,Daria Snigur,R,,UKR,22.2,206219.0,,,Oceane Dodin,R,,FRA,27.6,6-4 6-0,3.0,R128,50.0,3.0,5.0,56.0,43.0,32.0,4.0,8.0,2.0,3.0,3.0,5.0,43.0,24.0,12.0,6.0,8.0,1.0,6.0,130.0,592.0,79.0,849.0,2024.0,,,,,,,,,,,,,0.7218,0.6379,0.4304,0.0172,0.5581,0.5,0.3158,0.0698
2024-540,Wimbledon,Grass,128.0,G,2024-07-01,105.0,211095.0,,,Bernarda Pera,L,175.0,USA,29.5,215713.0,,,Anastasia Potapova,R,175.0,RUS,23.2,6-7(4) 6-4 7-6(6),3.0,R128,170.0,5.0,15.0,139.0,75.0,54.0,31.0,16.0,11.0,14.0,5.0,9.0,125.0,58.0,43.0,33.0,18.0,9.0,13.0,97.0,752.0,41.0,1415.0,2024.0,,,,,,,,,,,,,0.5889,0.6555,0.4481,0.0735,0.5486,0.7069,0.4744,0.0358
2024-540,Wimbledon,Grass,128.0,G,2024-07-01,104.0,201614.0,23.0,,Caroline Garcia,R,177.0,FRA,30.7,215020.0,,,Anna Blinkova,R,179.0,RUS,25.8,6-4 7-5,3.0,R128,88.0,6.0,6.0,70.0,34.0,27.0,12.0,11.0,5.0,9.0,4.0,1.0,72.0,48.0,24.0,11.0,11.0,2.0,8.0,24.0,1938.0,60.0,1030.0,2024.0,,,,,,,,,,,,,0.5981,0.7342,0.5041,0.1055,0.5874,0.6097,0.4291,0.0496
2024-540,Wimbledon,Grass,128.0,G,2024-07-01,103.0,211701.0,27.0,,Katerina Siniakova,R,174.0,CZE,28.1,222233.0,,Q,Marina Stakusic,R,,CAN,19.5,6-4 6-2,3.0,R128,107.0,7.0,3.0,64.0,46.0,34.0,7.0,9.0,8.0,9.0,2.0,5.0,104.0,63.0,30.0,24.0,9.0,20.0,24.0,36.0,1546.0,164.0,456.0,2024.0,,,,,,,,,,,,,0.6226,0.6815,0.48,0.0335,0.6058,0.4762,0.5854,0.0192
2024-540,Wimbledon,Grass,128.0,G,2024-07-01,101.0,201549.0,,,Petra Martic,R,181.0,CRO,33.4,215936.0,,WC,Francesca Jones,R,,GBR,23.7,3-6 6-1 6-2,3.0,R128,124.0,10.0,5.0,89.0,55.0,41.0,12.0,12.0,5.0,7.0,3.0,3.0,73.0,45.0,29.0,12.0,12.0,2.0,7.0,85.0,811.0,215.0,345.0,2024.0,,,,,,,,,,,,,0.5861,0.7027,0.4756,0.0796,0.6446,0.7405,0.4449,0.0543
2024-540,Wimbledon,Grass,128.0,G,2024-07-01,100.0,216347.0,1.0,,Iga Swiatek,R,176.0,POL,23.0,213550.0,,,Sofia Kenin,R,170.0,USA,25.6,6-3 6-4,3.0,R128,79.0,6.0,1.0,57.0,31.0,26.0,15.0,10.0,3.0,4.0,1.0,3.0,56.0,42.0,27.0,5.0,9.0,5.0,8.0,1.0,11585.0,49.0,1221.0,2024.0,,,,,,,,,,,,,0.6863,0.7398,0.5493,0.0349,0.7231,0.6138,0.4935,0.0141
2024-540,Wimbledon,Grass,128.0,G,2024-07-01,127.0,202494.0,21.0,,Elina Svitolina,R,174.0,UKR,29.8,202663.0,,,Magda Linette,R,171.0,POL,32.3,7-5 6-7(9) 6-3,3.0,R128,158.0,6.0,1.0,118.0,82.0,59.0,19.0,17.0,10.0,12.0,8.0,3.0,119.0,81.0,52.0,17.0,16.0,6.0,10.0,21.0,2100.0,44.0,1291.0,2024.0,,,,,,,,,,,,,0.6454,0.6765,0.4801,0.0573,0.6749,0.645,0.4479,0.0432
2024-540,Wimbledon,Grass,128.0,G,2024-07-01,128.0,211107.0,32.0,,Katie Boulter,R,180.0,GBR,27.9,213583.0,,,Tatjana Maria,R,172.0,GER,36.8,7-6(6) 7-5,3.0,R128,127.0,3.0,7.0,94.0,49.0,38.0,18.0,12.0,4.0,6.0,7.0,1.0,83.0,49.0,34.0,16.0,12.0,5.0,8.0,29.0,1748.0,63.0,994.0,2024.0,,,,,,,,,,,,,0.6013,0.6883,0.452,0.065,0.5825,0.6609,0.414,0.0688
2024-540,Wimbledon,Grass,128.0,G,2024-07-01,130.0,216133.0,,,Xin Yu Wang,R,182.0,CHN,22.7,202600.0,,,Viktoriya Tomova,R,170.0,BUL,29.3,7-6(4) 3-6 6-0,3.0,R128,109.0,5.0,4.0,79.0,51.0,36.0,13.0,13.0,5.0,8.0,1.0,4.0,94.0,49.0,30.0,22.0,14.0,2.0,7.0,42.0,1411.0,48.0,1235.0,2024.0,,,,,,,,,,,,,0.5541,0.6028,0.4551,0.0283,0.6002,0.6097,0.4713,0.0335
2024-540,Wimbledon,Grass,128.0,G,2024-07-01,131.0,202468.0,5.0,,Jessica Pegula,R,170.0,USA,30.3,221909.0,,,Ashlyn Krueger,R,185.0,USA,20.1,6-2 6-0,3.0,R128,49.0,5.0,1.0,35.0,21.0,18.0,10.0,7.0,0.0,0.0,1.0,2.0,49.0,35.0,15.0,6.0,7.0,7.0,12.0,5.0,5025.0,75.0,869.0,2024.0,,,,,,,,,,,,,0.621,0.684,0.5589,0.038,0.6658,0.675,0.5109,0.0458
2024-540,Wimbledon,Grass,128.0,G,2024-07-01,132.0,215138.0,,Q,Lulu Sun,L,,NZL,23.2,221012.0,8.0,,Qinwen Zheng,R,,CHN,21.7,4-6 6-2 6-4,3.0,R128,117.0,3.0,1.0,78.0,44.0,35.0,18.0,14.0,6.0,8.0,7.0,8.0,81.0,42.0,32.0,17.0,14.0,3.0,7.0,123.0,616.0,8.0,4055.0,2024.0,,,,,,,,,,,,,0.5856,0.7144,0.5215,0.066,0.4999,0.7949,0.3651,0.1003
2024-540,Wimbledon,Grass,128.0,G,2024-07-01,133.0,263857.0,,Q,Yuliia Starodubtseva,R,,UKR,24.3,202421.0,,,Alison Van Uytvanck,R,173.0,BEL,30.2,6-4 6-3,3.0,R128,77.0,2.0,1.0,53.0,43.0,32.0,4.0,10.0,0.0,2.0,3.0,1.0,57.0,37.0,23.0,5.0,9.0,4.0,8.0,153.0,490.0,254.0,284.0,2024.0,,,,,,,,,,,,,0.739,0.6616,0.45,0.0364,0.6618,0.5349,0.3393,0.0379
2024-540,Wimbledon,Grass,128.0,G,2024-07-01,134.0,202684.0,,,Lin Zhu,R,173.0,CHN,30.4,201593.0,,,Irina Camelia Begu,R,181.0,ROU,33.8,6-0 6-4,3.0,R128,72.0,0.0,0.0,41.0,30.0,22.0,7.0,8.0,0.0,1.0,0.0,2.0,54.0,34.0,16.0,9.0,8.0,3.0,8.0,61.0,997.0,126.0,596.0,2024.0,,,,,,,,,,,,,0.6758,0.63,0.5385,0.0197,0.646,0.6268,0.3543,0.0248
2024-540,Wimbledon,Grass,128.0,G,2024-07-01,135.0,201499.0,25.0,,Anastasia Pavlyuchenkova,R,177.0,RUS,32.9,203501.0,,,Taylor Townsend,L,170.0,USA,28.2,7-6(4) 6-1,3.0,R128,91.0,1.0,1.0,76.0,51.0,37.0,16.0,10.0,7.0,8.0,4.0,1.0,52.0,31.0,19.0,13.0,9.0,1.0,4.0,28.0,1756.0,76.0,864.0,2024.0,,,,,,,,,,,,,0.6745,0.6798,0.511,0.033,0.6287,0.5991,0.5476,0.1352
2024-540,Wimbledon,Grass,128.0,G,2024-07-01,108.0,203389.0,11.0,,Danielle Collins,R,178.0,USA,30.5,220704.0,,,Clara Tauson,R,182.0,DEN,21.5,6-3 7-6(4),3.0,R128,101.0,6.0,5.0,71.0,35.0,24.0,23.0,10.0,1.0,3.0,8.0,6.0,85.0,53.0,35.0,12.0,11.0,8.0,12.0,11.0,3532.0,66.0,981.0,2024.0,,,,,,,,,,,,,0.5746,0.6808,0.4861,0.0566,0.5863,0.6963,0.4266,0.0716
2024-540,Wimbledon,Grass,128.0,G,2024-07-01,109.0,213646.0,,Q,Dalma Galfi,R,178.0,HUN,25.8,210886.0,,,Mayar Sherif,R,180.0,EGY,28.1,6-1 6-2,3.0,R128,56.0,4.0,2.0,48.0,35.0,26.0,9.0,8.0,2.0,2.0,0.0,3.0,44.0,23.0,16.0,5.0,7.0,3.0,7.0,127.0,595.0,78.0,855.0,2024.0,,,,,,,,,,,,,0.6472,0.6704,0.5223,0.0777,0.6956,0.6929,0.3809,0.0432
2024-540,Wimbledon,Grass,128.0,G,2024-07-01,110.0,215785.0,,,Camila Osorio,R,162.0,COL,22.5,201616.0,,,Lauren Davis,R,157.0,USA,30.7,6-3 6-1,3.0,R128,70.0,2.0,3.0,48.0,28.0,21.0,12.0,8.0,1.0,2.0,0.0,3.0,54.0,30.0,17.0,8.0,8.0,2.0,7.0,84.0,815.0,300.0,225.0,2024.0,,,,,,,,,,,,,0.6137,0.6137,0.3745,0.0208,0.6226,0.6069,0.4107,0.0145
2024-540,Wimbledon,Grass,128.0,G,2024-07-01,111.0,206242.0,20.0,,Beatriz Haddad Maia,L,185.0,BRA,28.0,211684.0,,,Magdalena Frech,R,171.0,POL,26.5,7-5 6-3,3.0,R128,110.0,1.0,2.0,65.0,40.0,27.0,15.0,10.0,7.0,8.0,4.0,3.0,74.0,42.0,28.0,14.0,11.0,8.0,12.0,20.0,2218.0,58.0,1049.0,2024.0,,,,,,,,,,,,,0.6636,0.6559,0.5146,0.0362,0.6581,0.6595,0.4857,0.0566
2024-540,Wimbledon,Grass,128.0,G,2024-07-01,176.0,202460.0,10.0,,Ons Jabeur,R,167.0,TUN,29.8,221905.0,,Q,Robin Montgomery,L,,USA,19.8,6-1 7-5,3.0,R64,69.0,5.0,2.0,50.0,35.0,30.0,9.0,10.0,2.0,3.0,4.0,3.0,61.0,43.0,25.0,8.0,9.0,4.0,8.0,10.0,3801.0,161.0,464.0,2024.0,,,,,,,,,,,,,0.5465,0.7692,0.5333,0.068,0.6794,0.6841,0.4845,0.0825
2024-540,Wimbledon,Grass,128.0,G,2024-07-01,126.0,215898.0,,,Jule Niemeier,R,178.0,GER,24.8,203530.0,,,Viktorija Golubic,R,169.0,SUI,31.7,6-2 6-1,3.0,R128,63.0,2.0,4.0,54.0,34.0,23.0,12.0,8.0,0.0,1.0,0.0,3.0,40.0,26.0,13.0,4.0,7.0,0.0,5.0,90.0,790.0,67.0,964.0,2024.0,,,,,,,,,,,,,0.5451,0.6994,0.4563,0.0524,0.6875,0.5932,0.4598,0.0121
2024-540,Wimbledon,Grass,128.0,G,2024-07-01,125.0,221905.0,,Q,Robin Montgomery,L,,USA,19.8,216265.0,,Q,Olivia Gadecki,R,,AUS,22.1,6-4 6-4,3.0,R128,86.0,10.0,5.0,80.0,57.0,40.0,10.0,10.0,6.0,7.0,6.0,9.0,56.0,33.0,24.0,11.0,10.0,3.0,6.0,161.0,464.0,173.0,432.0,2024.0,,,,,,,,,,,,,0.6794,0.6841,0.4845,0.0825,0.5696,0.7576,0.4243,0.0786
2024-540,Wimbledon,Grass,128.0,G,2024-07-01,124.0,202460.0,10.0,,Ons Jabeur,R,167.0,TUN,29.8,220416.0,,,Moyuka Uchijima,R,171.0,JPN,22.8,6-3 6-1,3.0,R128,55.0,3.0,1.0,39.0,23.0,23.0,10.0,8.0,0.0,0.0,2.0,6.0,56.0,29.0,18.0,10.0,8.0,5.0,9.0,10.0,3801.0,68.0,940.0,2024.0,,,,,,,,,,,,,0.5465,0.7692,0.5333,0.068,0.5048,0.6103,0.3465,0.0424
2024-540,Wimbledon,Grass,128.0,G,2024-07-01,123.0,214643.0,15.0,,Liudmila Samsonova,R,180.0,RUS,25.6,214119.0,,,Rebeka Masarova,R,186.0,ESP,24.9,6-3 4-6 6-2,3.0,R128,128.0,3.0,3.0,82.0,50.0,36.0,22.0,13.0,4.0,5.0,4.0,4.0,92.0,54.0,36.0,15.0,14.0,4.0,8.0,15.0,2830.0,109.0,682.0,2024.0,,,,,,,,,,,,,0.5333,0.7302,0.4873,0.0843,0.6422,0.6999,0.4894,0.0698
2024-540,Wimbledon,Grass,128.0,G,2024-07-01,122.0,220589.0,,,Elina Avanesyan,R,,ARM,21.7,211843.0,,,Anhelina Kalinina,R,179.0,UKR,27.3,6-2 6-3,3.0,R128,66.0,0.0,2.0,60.0,42.0,27.0,8.0,8.0,6.0,8.0,1.0,8.0,57.0,32.0,20.0,5.0,9.0,2.0,8.0,77.0,855.0,47.0,1246.0,2024.0,,,,,,,,,,,,,0.6908,0.5497,0.4038,0.0084,0.5635,0.6857,0.4315,0.0275
2024-540,Wimbledon,Grass,128.0,G,2024-07-01,121.0,213631.0,,,Marie Bouzkova,R,180.0,CZE,25.9,220699.0,,,Julia Riera,R,,ARG,22.0,6-2 6-1,3.0,R128,81.0,0.0,4.0,57.0,37.0,24.0,9.0,8.0,5.0,7.0,3.0,4.0,52.0,27.0,12.0,7.0,7.0,9.0,15.0,40.0,1445.0,106.0,687.0,2024.0,,,,,,,,,,,,,0.6628,0.6386,0.5172,0.022,0.5192,0.4444,0.28,0.0577
2024-540,Wimbledon,Grass,128.0,G,2024-07-01,136.0,221054.0,,WC,Emma Raducanu,R,175.0,GBR,21.6,213887.0,,LL,Renata Zarazua,R,,MEX,26.7,7-6(0) 6-3,3.0,R128,117.0,1.0,2.0,74.0,52.0,37.0,12.0,11.0,4.0,5.0,0.0,2.0,62.0,44.0,26.0,12.0,10.0,1.0,3.0,135.0,559.0,98.0,750.0,2024.0,,,,,,,,,,,,,0.6699,0.6558,0.5097,0.0644,0.7097,0.5909,0.6667,0.0
2024-540,Wimbledon,Grass,128.0,G,2024-07-01,120.0,214939.0,17.0,,Anna Kalinskaya,R,175.0,RUS,25.5,215910.0,,Q,Panna Udvardy,R,170.0,HUN,25.7,6-3 6-2,3.0,R128,65.0,3.0,4.0,57.0,37.0,30.0,10.0,9.0,6.0,6.0,5.0,3.0,48.0,27.0,21.0,6.0,8.0,5.0,8.0,18.0,2310.0,134.0,562.0,2024.0,,,,,,,,,,,,,0.6629,0.6644,0.5279,0.0222,0.6652,0.6447,0.3352,0.0521
2024-540,Wimbledon,Grass,128.0,G,2024-07-01,118.0,201496.0,,WC,Caroline Wozniacki,R,177.0,DEN,33.9,219917.0,,Q,Alycia Parks,R,185.0,USA,23.4,6-2 6-0,3.0,R128,53.0,2.0,1.0,38.0,28.0,23.0,5.0,7.0,0.0,0.0,1.0,7.0,40.0,15.0,8.0,6.0,7.0,0.0,5.0,91.0,774.0,121.0,624.0,2024.0,,,,,,,,,,,,,0.6543,0.6579,0.4047,0.0295,0.4792,0.693,0.4018,0.0965
2024-540,Wimbledon,Grass,128.0,G,2024-07-01,117.0,201696.0,,,Laura Siegemund,R,168.0,GER,36.3,203462.0,,,Kateryna Baindl,R,175.0,UKR,30.3,6-4 6-1,3.0,R128,94.0,0.0,2.0,51.0,36.0,23.0,7.0,8.0,6.0,8.0,0.0,1.0,49.0,35.0,18.0,2.0,9.0,2.0,8.0,72.0,917.0,184.0,416.0,2024.0,,,,,,,,,,,,,0.7076,0.6044,0.4996,0.0123,0.6685,0.5577,0.3151,0.0136
2024-540,Wimbledon,Grass,128.0,G,2024-07-01,116.0,214981.0,4.0,,Elena Rybakina,R,184.0,KAZ,25.0,211817.0,,Q,Elena Gabriela Ruse,R,,ROU,26.6,6-3 6-1,3.0,R128,71.0,3.0,4.0,41.0,24.0,22.0,7.0,8.0,1.0,2.0,2.0,7.0,67.0,29.0,19.0,13.0,8.0,4.0,9.0,4.0,6026.0,152.0,491.0,2024.0,,,,,,,,,,,,,0.5992,0.815,0.4757,0.1333,0.4328,0.6552,0.3421,0.0299
2024-540,Wimbledon,Grass,128.0,G,2024-07-01,115.0,222601.0,,,Jessica Bouzas Maneiro,R,,ESP,21.7,214954.0,6.0,,Marketa Vondrousova,L,173.0,CZE,25.0,6-4 6-2,3.0,R128,67.0,2.0,3.0,51.0,30.0,23.0,9.0,9.0,1.0,3.0,4.0,7.0,53.0,29.0,16.0,8.0,9.0,0.0,5.0,83.0,828.0,6.0,4463.0,2024.0,,,,,,,,,,,,,0.6,0.6418,0.3884,0.0229,0.6186,0.7078,0.4884,0.0543
2024-540,Wimbledon,Grass,128.0,G,2024-07-01,114.0,213710.0,,,Cristina Bucsa,R,,ESP,26.4,202536.0,,,Ana Bogdan,R,171.0,ROU,31.5,6-4 4-6 7-6(5),3.0,R128,193.0,5.0,6.0,130.0,81.0,51.0,25.0,16.0,11.0,15.0,4.0,4.0,126.0,79.0,52.0,21.0,16.0,8.0,12.0,64.0,984.0,57.0,1053.0,2024.0,,,,,,,,,,,,,0.6596,0.542,0.4619,0.0201,0.6538,0.6452,0.494,0.0417
2024-540,Wimbledon,Grass,128.0,G,2024-07-01,113.0,220465.0,,Q,Katie Volynets,R,,USA,22.4,214604.0,,,Maria Lourdes Carle,R,,ARG,24.3,6-2 7-5,3.0,R128,106.0,0.0,0.0,74.0,62.0,35.0,6.0,10.0,7.0,11.0,1.0,5.0,65.0,37.0,16.0,8.0,10.0,6.0,13.0,69.0,927.0,87.0,809.0,2024.0,,,,,,,,,,,,,0.7358,0.5107,0.4305,0.0234,0.5692,0.4324,0.2857,0.0154
2024-540,Wimbledon,Grass,128.0,G,2024-07-01,112.0,206252.0,31.0,,Barbora Krejcikova,R,178.0,CZE,28.5,206368.0,,,Veronika Kudermetova,R,175.0,RUS,27.1,7-6(4) 6-7(1) 7-5,3.0,R128,194.0,2.0,7.0,127.0,69.0,46.0,29.0,18.0,14.0,19.0,6.0,3.0,125.0,77.0,53.0,22.0,18.0,4.0,10.0,32.0,1643.0,38.0,1488.0,2024.0,,,,,,,,,,,,,0.6443,0.7379,0.5092,0.0642,0.6262,0.7404,0.4638,0.0811
2024-540,Wimbledon,Grass,128.0,G,2024-07-01,119.0,220367.0,30.0,,Leylah Fernandez,L,168.0,CAN,21.8,214459.0,,,Lucia Bronzetti,R,,ITA,25.5,6-4 6-3,3.0,R128,90.0,1.0,2.0,56.0,41.0,33.0,6.0,10.0,2.0,3.0,1.0,2.0,74.0,47.0,30.0,10.0,9.0,5.0,8.0,25.0,1920.0,81.0,833.0,2024.0,,,,,,,,,,,,,0.6712,0.7035,0.493,0.0544,0.5957,0.6631,0.5008,0.0362
2024-540,Wimbledon,Grass,128.0,G,2024-07-01,137.0,210722.0,,,Elise Mertens,R,179.0,BEL,28.6,211702.0,,,Nao Hibino,R,163.0,JPN,29.5,2-6 6-2 6-4,3.0,R128,111.0,9.0,5.0,71.0,42.0,32.0,18.0,13.0,1.0,3.0,3.0,1.0,87.0,59.0,38.0,15.0,13.0,4.0,7.0,33.0,1629.0,94.0,770.0,2024.0,,,,,,,,,,,,,0.5324,0.6967,0.4891,0.0715,0.6532,0.5786,0.5154,0.0337
2024-540,Wimbledon,Grass,128.0,G,2024-07-01,129.0,211279.0,,,Harriet Dart,R,175.0,GBR,27.9,222296.0,,Q,Zhuoxuan Bai,R,,CHN,21.6,6-4 6-0,3.0,R128,78.0,1.0,3.0,52.0,30.0,21.0,14.0,8.0,2.0,2.0,2.0,2.0,53.0,28.0,20.0,6.0,8.0,2.0,6.0,100.0,739.0,95.0,756.0,2024.0,,,,,,,,,,,,,0.5651,0.6772,0.4683,0.0397,0.5822,0.6348,0.3618,0.021
2024-540,Wimbledon,Grass,128.0,G,2024-07-01,139.0,206289.0,9.0,,Maria Sakkari,R,172.0,GRE,28.9,220520.0,,Q,Mccartney Kessler,R,,USA,24.9,6-3 6-1,3.0,R128,71.0,5.0,2.0,48.0,23.0,18.0,12.0,8.0,3.0,5.0,2.0,3.0,48.0,26.0,14.0,5.0,8.0,2.0,8.0,9.0,3805.0,119.0,631.0,2024.0,,,,,,,,,,,,,0.5935,0.6987,0.4694,0.0548,0.5417,0.5385,0.2273,0.0417
2024-540,Wimbledon,Grass,128.0,G,2024-07-01,159.0,215613.0,19.0,,Emma Navarro,R,,USA,23.1,202492.0,,,Qiang Wang,R,172.0,CHN,32.4,6-0 6-2,3.0,R128,49.0,0.0,1.0,40.0,30.0,24.0,5.0,7.0,0.0,0.0,0.0,1.0,44.0,31.0,17.0,2.0,7.0,3.0,8.0,17.0,2323.0,479.0,118.0,2024.0,,,,,,,,,,,,,0.6806,0.6715,0.5071,0.0186,0.7045,0.5484,0.1538,0.0
2024-540,Wimbledon,Grass,128.0,G,2024-07-01,160.0,222661.0,,Q,Sonay Kartal,R,,GBR,22.6,201514.0,29.0,,Sorana Cirstea,R,176.0,ROU,34.2,3-6 6-2 6-0,3.0,R128,110.0,1.0,3.0,70.0,46.0,35.0,12.0,11.0,3.0,4.0,2.0,3.0,83.0,43.0,27.0,18.0,12.0,5.0,10.0,298.0,228.0,31.0,1675.0,2024.0,,,,,,,,,,,,,0.6725,0.6235,0.4431,0.0176,0.642,0.6244,0.4557,0.0396
2024-540,Wimbledon,Grass,128.0,G,2024-07-01,161.0,216262.0,,,Clara Burel,R,176.0,FRA,23.2,220332.0,,Q,Eva Lys,R,165.0,GER,22.4,6-2 6-4,3.0,R128,62.0,9.0,4.0,55.0,31.0,25.0,14.0,9.0,2.0,2.0,1.0,4.0,55.0,35.0,22.0,9.0,9.0,6.0,9.0,45.0,1288.0,129.0,592.0,2024.0,,,,,,,,,,,,,0.5496,0.5883,0.4359,0.0495,0.6364,0.6286,0.45,0.0182
2024-540,Wimbledon,Grass,128.0,G,2024-07-01,162.0,223331.0,,Q,Anca Alexia Todoni,R,,ROU,19.7,215337.0,,LL,Olga Danilovic,L,,SRB,23.4,7-5 6-1,3.0,R128,81.0,3.0,1.0,59.0,39.0,31.0,12.0,10.0,1.0,2.0,1.0,2.0,60.0,36.0,25.0,7.0,9.0,3.0,7.0,142.0,541.0,116.0,641.0,2024.0,,,,,,,,,,,,,0.6638,0.6752,0.4389,0.0439,0.6,0.6944,0.2917,0.0167
2024-540,Wimbledon,Grass,128.0,G,2024-07-01,163.0,221103.0,2.0,,Coco Gauff,R,175.0,USA,20.3,214452.0,,,Caroline Dolehide,R,178.0,USA,25.8,6-1 6-2,3.0,R128,65.0,2.0,1.0,34.0,21.0,18.0,8.0,7.0,0.0,1.0,0.0,1.0,61.0,45.0,21.0,5.0,8.0,4.0,10.0,2.0,7943.0,51.0,1100.0,2024.0,,,,,,,,,,,,,0.5979,0.755,0.5275,0.0846,0.7236,0.5679,0.5097,0.0277
2024-540,Wimbledon,Grass,128.0,G,2024-07-01,138.0,201551.0,,,Arantxa Rus,L,180.0,NED,33.5,206294.0,,,Yue Yuan,R,184.0,CHN,25.7,6-2 6-3,3.0,R128,70.0,4.0,0.0,42.0,29.0,23.0,9.0,8.0,0.0,0.0,0.0,2.0,51.0,35.0,22.0,6.0,9.0,3.0,7.0,56.0,1054.0,39.0,1452.0,2024.0,,,,,,,,,,,,,0.6925,0.642,0.4135,0.0531,0.6147,0.6298,0.443,0.033
2024-540,Wimbledon,Grass,128.0,G,2024-07-01,165.0,201709.0,,,Yulia Putintseva,R,163.0,KAZ,29.4,211701.0,27.0,,Katerina Siniakova,R,174.0,CZE,28.1,6-0 4-6 6-2,3.0,R64,99.0,1.0,0.0,70.0,43.0,33.0,17.0,12.0,6.0,7.0,1.0,3.0,62.0,32.0,22.0,12.0,12.0,2.0,7.0,35.0,1553.0,36.0,1546.0,2024.0,,,,,,,,,,,,,0.6883,0.6834,0.5293,0.0343,0.6226,0.6815,0.48,0.0335
2024-540,Wimbledon,Grass,128.0,G,2024-07-01,158.0,211768.0,,WC,Naomi Osaka,R,180.0,JPN,26.7,220348.0,,,Diane Parry,R,170.0,FRA,21.8,6-1 1-6 6-4,3.0,R128,92.0,5.0,5.0,75.0,35.0,27.0,18.0,12.0,8.0,12.0,4.0,10.0,71.0,36.0,24.0,16.0,12.0,8.0,13.0,113.0,669.0,53.0,1077.0,2024.0,,,,,,,,,,,,,0.5495,0.7823,0.509,0.1021,0.5704,0.6731,0.5025,0.0821
2024-540,Wimbledon,Grass,128.0,G,2024-07-01,166.0,211095.0,,,Bernarda Pera,L,175.0,USA,29.5,201614.0,23.0,,Caroline Garcia,R,177.0,FRA,30.7,3-6 6-3 6-4,3.0,R64,96.0,13.0,8.0,86.0,46.0,37.0,22.0,14.0,3.0,4.0,12.0,3.0,84.0,55.0,41.0,18.0,14.0,4.0,6.0,97.0,752.0,24.0,1938.0,2024.0,,,,,,,,,,,,,0.5889,0.6555,0.4481,0.0735,0.5981,0.7342,0.5041,0.1055
2024-540,Wimbledon,Grass,128.0,G,2024-07-01,168.0,203389.0,11.0,,Danielle Collins,R,178.0,USA,30.5,213646.0,,Q,Dalma Galfi,R,178.0,HUN,25.8,6-3 6-4,3.0,R64,89.0,3.0,10.0,64.0,36.0,22.0,12.0,9.0,3.0,7.0,6.0,5.0,70.0,46.0,23.0,7.0,10.0,10.0,17.0,11.0,3532.0,127.0,595.0,2024.0,,,,,,,,,,,,,0.5746,0.6808,0.4861,0.0566,0.6472,0.6704,0.5223,0.0777
2024-540,Wimbledon,Grass,128.0,G,2024-07-01,169.0,206242.0,20.0,,Beatriz Haddad Maia,L,185.0,BRA,28.0,215785.0,,,Camila Osorio,R,162.0,COL,22.5,3-0 RET,3.0,R64,24.0,0.0,0.0,7.0,3.0,2.0,4.0,1.0,0.0,0.0,0.0,3.0,12.0,6.0,3.0,1.0,2.0,0.0,2.0,20.0,2218.0,84.0,815.0,2024.0,,,,,,,,,,,,,0.6636,0.6559,0.5146,0.0362,0.6137,0.6137,0.3745,0.0208
2024-540,Wimbledon,Grass,128.0,G,2024-07-01,170.0,206252.0,31.0,,Barbora Krejcikova,R,178.0,CZE,28.5,220465.0,,Q,Katie Volynets,R,,USA,22.4,7-6(6) 7-6(5),3.0,R64,123.0,1.0,7.0,87.0,60.0,38.0,9.0,12.0,7.0,13.0,0.0,1.0,82.0,63.0,37.0,9.0,12.0,5.0,11.0,32.0,1643.0,69.0,927.0,2024.0,,,,,,,,,,,,,0.6443,0.7379,0.5092,0.0642,0.7358,0.5107,0.4305,0.0234
2024-540,Wimbledon,Grass,128.0,G,2024-07-01,171.0,222601.0,,,Jessica Bouzas Maneiro,R,,ESP,21.7,213710.0,,,Cristina Bucsa,R,,ESP,26.4,7-6(1) 6-3,3.0,R64,110.0,2.0,5.0,83.0,47.0,32.0,15.0,11.0,3.0,7.0,1.0,4.0,90.0,66.0,32.0,13.0,10.0,13.0,18.0,83.0,828.0,64.0,984.0,2024.0,,,,,,,,,,,,,0.6,0.6418,0.3884,0.0229,0.6596,0.542,0.4619,0.0201
2024-540,Wimbledon,Grass,128.0,G,2024-07-01,172.0,214981.0,4.0,,Elena Rybakina,R,184.0,KAZ,25.0,201696.0,,,Laura Siegemund,R,168.0,GER,36.3,6-3 3-6 6-3,3.0,R64,132.0,5.0,3.0,87.0,56.0,42.0,15.0,14.0,10.0,13.0,1.0,3.0,102.0,71.0,39.0,18.0,12.0,8.0,12.0,4.0,6026.0,72.0,917.0,2024.0,,,,,,,,,,,,,0.5992,0.815,0.4757,0.1333,0.7076,0.6044,0.4996,0.0123
2024-540,Wimbledon,Grass,128.0,G,2024-07-01,173.0,201496.0,,WC,Caroline Wozniacki,R,177.0,DEN,33.9,220367.0,30.0,,Leylah Fernandez,L,168.0,CAN,21.8,6-3 2-6 7-5,3.0,R64,139.0,0.0,5.0,107.0,71.0,51.0,11.0,15.0,10.0,14.0,5.0,1.0,92.0,63.0,40.0,14.0,14.0,7.0,11.0,91.0,774.0,25.0,1920.0,2024.0,,,,,,,,,,,,,0.6543,0.6579,0.4047,0.0295,0.6712,0.7035,0.493,0.0544
2024-540,Wimbledon,Grass,128.0,G,2024-07-01,174.0,214939.0,17.0,,Anna Kalinskaya,R,175.0,RUS,25.5,213631.0,,,Marie Bouzkova,R,180.0,CZE,25.9,6-4 6-1,3.0,R64,83.0,1.0,3.0,58.0,32.0,22.0,15.0,9.0,5.0,6.0,1.0,2.0,55.0,31.0,18.0,10.0,8.0,2.0,6.0,18.0,2310.0,40.0,1445.0,2024.0,,,,,,,,,,,,,0.6629,0.6644,0.5279,0.0222,0.6628,0.6386,0.5172,0.022
2024-540,Wimbledon,Grass,128.0,G,2024-07-01,167.0,211533.0,13.0,,Jelena Ostapenko,R,177.0,LAT,27.0,220750.0,,Q,Daria Snigur,R,,UKR,22.2,6-3 6-0,3.0,R64,49.0,8.0,5.0,44.0,25.0,22.0,10.0,8.0,0.0,0.0,0.0,2.0,42.0,27.0,17.0,4.0,7.0,1.0,5.0,14.0,3058.0,130.0,592.0,2024.0,,,,,,,,,,,,,0.575,0.7188,0.4748,0.0808,0.7218,0.6379,0.4304,0.0172
2024-540,Wimbledon,Grass,128.0,G,2024-07-01,157.0,223670.0,,,Diana Shnaider,L,,RUS,20.2,201662.0,,,Karolina Pliskova,R,184.0,CZE,32.2,4-6 6-4 7-5,3.0,R128,142.0,4.0,3.0,112.0,65.0,45.0,23.0,16.0,9.0,12.0,9.0,6.0,115.0,67.0,46.0,23.0,16.0,12.0,16.0,30.0,1690.0,46.0,1255.0,2024.0,,,,,,,,,,,,,0.6593,0.6433,0.5686,0.0431,0.6811,0.6957,0.4232,0.0882
2024-540,Wimbledon,Grass,128.0,G,2024-07-01,164.0,216347.0,1.0,,Iga Swiatek,R,176.0,POL,23.0,201549.0,,,Petra Martic,R,181.0,CRO,33.4,6-4 6-3,3.0,R64,83.0,3.0,2.0,55.0,36.0,30.0,12.0,10.0,0.0,0.0,2.0,2.0,56.0,35.0,26.0,8.0,9.0,1.0,3.0,1.0,11585.0,85.0,811.0,2024.0,,,,,,,,,,,,,0.6863,0.7398,0.5493,0.0349,0.5861,0.7027,0.4756,0.0796
2024-540,Wimbledon,Grass,128.0,G,2024-07-01,155.0,201619.0,12.0,,Madison Keys,R,178.0,USA,29.3,203354.0,,,Martina Trevisan,L,160.0,ITA,30.6,6-4 7-6(4),3.0,R128,105.0,6.0,2.0,74.0,53.0,34.0,14.0,11.0,3.0,4.0,0.0,2.0,81.0,55.0,32.0,16.0,11.0,5.0,7.0,13.0,3068.0,89.0,793.0,2024.0,,,,,,,,,,,,,0.7262,0.7262,0.4418,0.0645,0.6328,0.4966,0.4946,0.0
2024-540,Wimbledon,Grass,128.0,G,2024-07-01,140.0,214082.0,14.0,,Daria Kasatkina,R,170.0,RUS,27.1,201533.0,,,Shuai Zhang,R,177.0,CHN,35.4,6-3 6-0,3.0,R128,74.0,3.0,5.0,58.0,29.0,20.0,17.0,8.0,2.0,3.0,1.0,0.0,53.0,31.0,15.0,9.0,7.0,2.0,7.0,12.0,3283.0,680.0,54.0,2024.0,,,,,,,,,,,,,0.6983,0.6493,0.4554,0.0269,0.6201,0.5446,0.4036,0.0273
2024-540,Wimbledon,Grass,128.0,G,2024-07-01,156.0,201585.0,,,Sloane Stephens,R,170.0,USA,31.2,221039.0,,LL,Elsa Jacquemot,R,,FRA,21.1,6-3 6-3,3.0,R128,71.0,0.0,0.0,44.0,37.0,23.0,6.0,9.0,0.0,2.0,9.0,5.0,75.0,47.0,27.0,10.0,9.0,10.0,15.0,50.0,1217.0,151.0,503.0,2024.0,,,,,,,,,,,,,0.709,0.5562,0.522,0.0224,0.6267,0.5745,0.3571,0.12
2024-540,Wimbledon,Grass,128.0,G,2024-07-01,141.0,213908.0,,WC,Yuriko Miyazaki,R,165.0,GBR,28.6,211337.0,,,Tamara Korpatsch,R,170.0,GER,29.1,6-2 6-1,3.0,R128,58.0,0.0,2.0,35.0,17.0,15.0,13.0,7.0,0.0,0.0,1.0,2.0,49.0,30.0,17.0,6.0,8.0,4.0,9.0,148.0,512.0,73.0,895.0,2024.0,,,,,,,,,,,,,0.5702,0.5866,0.3816,0.0145,0.6408,0.5779,0.3823,0.0221
2024-540,Wimbledon,Grass,128.0,G,2024-07-01,142.0,211651.0,,,Paula Badosa,R,180.0,ESP,26.6,214096.0,,,Karolina Muchova,R,178.0,CZE,27.8,6-3 6-2,3.0,R128,81.0,2.0,7.0,75.0,38.0,28.0,22.0,9.0,6.0,6.0,1.0,0.0,46.0,30.0,20.0,6.0,8.0,1.0,4.0,93.0,770.0,34.0,1618.0,2024.0,,,,,,,,,,,,,0.5373,0.7308,0.4406,0.0765,0.7242,0.6816,0.4209,0.1142
2024-540,Wimbledon,Grass,128.0,G,2024-07-01,143.0,259104.0,,,Brenda Fruhvirtova,R,,CZE,17.2,259799.0,24.0,,Mirra Andreeva,R,,RUS,17.1,1-6 6-3 6-2,3.0,R128,126.0,0.0,5.0,98.0,53.0,32.0,18.0,12.0,13.0,19.0,2.0,4.0,69.0,37.0,25.0,9.0,12.0,2.0,9.0,88.0,801.0,23.0,2018.0,2024.0,,,,,,,,,,,,,0.5912,0.5225,0.3842,0.0,0.6303,0.6986,0.5049,0.0454
2024-540,Wimbledon,Grass,128.0,G,2024-07-01,144.0,215035.0,28.0,,Dayana Yastremska,R,175.0,UKR,24.1,206408.0,,,Nadia Podoroska,R,170.0,ARG,27.3,6-1 7-6(1),3.0,R128,94.0,4.0,4.0,63.0,36.0,25.0,14.0,9.0,3.0,5.0,0.0,0.0,69.0,44.0,22.0,12.0,10.0,4.0,8.0,27.0,1760.0,65.0,983.0,2024.0,,,,,,,,,,,,,0.5461,0.6476,0.5371,0.0441,0.625,0.5478,0.4242,0.0233
2024-540,Wimbledon,Grass,128.0,G,2024-07-01,146.0,202499.0,,,Donna Vekic,R,179.0,CRO,28.0,216016.0,,,Xiyu Wang,L,,CHN,23.2,3-6 6-3 6-4,3.0,R128,118.0,6.0,1.0,80.0,55.0,43.0,14.0,14.0,2.0,3.0,7.0,2.0,85.0,59.0,39.0,16.0,14.0,8.0,10.0,37.0,1488.0,54.0,1075.0,2024.0,,,,,,,,,,,,,0.5892,0.7528,0.4664,0.0672,0.7045,0.6957,0.4837,0.0736
2024-540,Wimbledon,Grass,128.0,G,2024-07-01,145.0,219875.0,,,Varvara Gracheva,R,,FRA,23.9,201615.0,,,Lesia Tsurenko,R,174.0,UKR,35.0,6-3 6-1,3.0,R128,62.0,0.0,0.0,43.0,29.0,22.0,6.0,8.0,0.0,1.0,0.0,6.0,52.0,30.0,14.0,10.0,8.0,4.0,9.0,70.0,920.0,59.0,1048.0,2024.0,,,,,,,,,,,,,0.6171,0.6967,0.4749,0.0311,0.6478,0.5252,0.4695,0.0
2024-540,Wimbledon,Grass,128.0,G,2024-07-01,148.0,211148.0,7.0,,Jasmine Paolini,R,160.0,ITA,28.4,204427.0,,,Sara Sorribes Tormo,R,176.0,ESP,27.7,7-5 6-3,3.0,R128,97.0,1.0,1.0,74.0,51.0,34.0,9.0,11.0,7.0,11.0,0.0,1.0,61.0,38.0,17.0,12.0,10.0,6.0,12.0,7.0,4228.0,55.0,1055.0,2024.0,,,,,,,,,,,,,0.6643,0.6557,0.5133,0.0197,0.6839,0.4826,0.3678,0.0051
2024-540,Wimbledon,Grass,128.0,G,2024-07-01,149.0,213889.0,,,Greet Minnen,R,,BEL,26.8,201586.0,,WC,Heather Watson,R,170.0,GBR,32.1,7-5 6-4,3.0,R128,100.0,3.0,7.0,78.0,51.0,36.0,10.0,11.0,5.0,8.0,1.0,4.0,62.0,31.0,21.0,10.0,11.0,3.0,8.0,80.0,848.0,199.0,366.0,2024.0,,,,,,,,,,,,,0.6502,0.6007,0.4325,0.0466,0.6037,0.6788,0.4437,0.0428
2024-540,Wimbledon,Grass,128.0,G,2024-07-01,150.0,215370.0,,,Bianca Andreescu,R,170.0,CAN,24.0,211713.0,,,Jaqueline Cristian,R,180.0,ROU,26.0,6-4 6-2,3.0,R128,77.0,3.0,2.0,48.0,29.0,26.0,7.0,9.0,0.0,1.0,0.0,3.0,58.0,32.0,19.0,10.0,9.0,5.0,9.0,176.0,426.0,62.0,996.0,2024.0,,,,,,,,,,,,,0.6578,0.6671,0.5101,0.0334,0.6132,0.5889,0.3573,0.0551
2024-540,Wimbledon,Grass,128.0,G,2024-07-01,151.0,222328.0,26.0,,Linda Noskova,R,,CZE,19.6,201506.0,,,Sara Errani,R,164.0,ITA,37.1,7-6(3) 6-1,3.0,R128,80.0,6.0,3.0,68.0,36.0,28.0,14.0,10.0,5.0,8.0,1.0,3.0,70.0,47.0,24.0,8.0,9.0,3.0,8.0,26.0,1775.0,86.0,810.0,2024.0,,,,,,,,,,,,,0.6462,0.7003,0.446,0.0609,0.7338,0.5536,0.3131,0.0036
2024-540,Wimbledon,Grass,128.0,G,2024-07-01,152.0,216146.0,18.0,,Marta Kostyuk,R,175.0,UKR,22.0,211685.0,,,Rebecca Sramkova,R,,SVK,27.6,6-3 6-2,3.0,R128,71.0,4.0,0.0,51.0,32.0,24.0,14.0,9.0,1.0,1.0,0.0,3.0,65.0,34.0,22.0,12.0,8.0,9.0,12.0,19.0,2240.0,105.0,695.0,2024.0,,,,,,,,,,,,,0.6284,0.6785,0.4228,0.036,0.5231,0.6471,0.3871,0.0
2024-540,Wimbledon,Grass,128.0,G,2024-07-01,153.0,201611.0,,,Daria Saville,R,166.0,AUS,30.3,220548.0,,,Peyton Stearns,R,,USA,22.7,6-4 6-2,3.0,R128,89.0,3.0,3.0,57.0,40.0,23.0,11.0,9.0,2.0,4.0,0.0,1.0,70.0,50.0,27.0,8.0,9.0,6.0,11.0,82.0,830.0,52.0,1082.0,2024.0,,,,,,,,,,,,,0.6546,0.5805,0.4306,0.0272,0.6462,0.6256,0.517,0.0223
2024-540,Wimbledon,Grass,128.0,G,2024-07-01,154.0,206374.0,,,Yafan Wang,R,170.0,CHN,30.1,203533.0,,,Anna Karolina Schmiedlova,R,176.0,SVK,29.7,6-0 3-6 6-4,3.0,R128,120.0,4.0,4.0,73.0,37.0,25.0,24.0,13.0,3.0,5.0,3.0,5.0,79.0,48.0,35.0,10.0,12.0,8.0,12.0,71.0,919.0,74.0,880.0,2024.0,,,,,,,,,,,,,0.5981,0.628,0.4643,0.0227,0.5895,0.6828,0.3583,0.019
2024-540,Wimbledon,Grass,128.0,G,2024-07-01,147.0,222965.0,,LL,Erika Andreeva,R,,RUS,20.0,211765.0,,,Emina Bektas,R,,USA,31.2,7-6(5) 3-6 6-3,3.0,R128,137.0,6.0,3.0,95.0,60.0,43.0,20.0,14.0,4.0,6.0,13.0,1.0,98.0,70.0,48.0,16.0,16.0,4.0,6.0,101.0,729.0,107.0,686.0,2024.0,,,,,,,,,,,,,0.5812,0.6141,0.5094,0.0378,0.6959,0.7,0.4853,0.1062
,,,,,,,,,,,,,,,,,,,,,,,,,,,,,,,,,,,,,,,,,,,,,,,,,,1696.53,1672.63,23.899999999999864,1608.71,1463.88,144.82999999999993,0.7777777777777778,0.3333333333333333,0.7,0.4,1.0,1.0,,,,,,,,
,,,,,,,,,,,,,,,,,,,,,,,,,,,,,,,,,,,,,,,,,,,,,,,,,,1742.76,1734.18,8.579999999999927,1550.16,1517.94,32.22000000000003,0.6,0.5,0.7,0.6,1.0,1.0,,,,,,,,
,,,,,,,,,,,,,,,,,,,,,,,,,,,,,,,,,,,,,,,,,,,,,,,,,,1445.78,1565.29,-119.50999999999999,1419.47,1431.32,-11.849999999999909,0.0,0.0,0.0,0.2,0.0,0.0,,,,,,,,
,,,,,,,,,,,,,,,,,,,,,,,,,,,,,,,,,,,,,,,,,,,,,,,,,,1911.38,1487.15,424.23,1638.31,1500.0,138.30999999999995,0.6153846153846154,,0.8,0.3333333333333333,1.0,1.0,,,,,,,,
,,,,,,,,,,,,,,,,,,,,,,,,,,,,,,,,,,,,,,,,,,,,,,,,,,1745.21,1522.44,222.76999999999998,1667.47,1383.61,283.8600000000001,0.7058823529411765,0.16666666666666666,0.6,0.3,1.0,1.0,,,,,,,,
,,,,,,,,,,,,,,,,,,,,,,,,,,,,,,,,,,,,,,,,,,,,,,,,,,1876.87,1664.73,212.13999999999987,1481.99,1602.43,-120.44000000000005,0.3333333333333333,0.45454545454545453,0.8,0.5,1.0,0.0,,,,,,,,
,,,,,,,,,,,,,,,,,,,,,,,,,,,,,,,,,,,,,,,,,,,,,,,,,,1673.03,1471.5,201.52999999999997,1570.52,1481.65,88.86999999999989,0.6428571428571429,0.0,0.3,0.2857142857142857,1.0,1.0,,,,,,,,
,,,,,,,,,,,,,,,,,,,,,,,,,,,,,,,,,,,,,,,,,,,,,,,,,,1856.36,1478.43,377.92999999999984,1677.63,1420.41,257.22,0.8461538461538461,0.0,0.8,0.4,1.0,1.0,,,,,,,,
,,,,,,,,,,,,,,,,,,,,,,,,,,,,,,,,,,,,,,,,,,,,,,,,,,1949.1,1668.01,281.0899999999999,1695.09,1593.0,102.08999999999992,0.8125,0.5,0.8,0.5,1.0,1.0,,,,,,,,
,,,,,,,,,,,,,,,,,,,,,,,,,,,,,,,,,,,,,,,,,,,,,,,,,,1777.71,2139.55,-361.84000000000015,1579.02,1615.17,-36.15000000000009,0.7142857142857143,0.75,0.7,1.0,0.0,0.0,,,,,,,,
,,,,,,,,,,,,,,,,,,,,,,,,,,,,,,,,,,,,,,,,,,,,,,,,,,1741.21,1558.03,183.18000000000006,1491.03,1415.57,75.46000000000004,0.375,0.2,0.4,0.4,1.0,1.0,,,,,,,,
,,,,,,,,,,,,,,,,,,,,,,,,,,,,,,,,,,,,,,,,,,,,,,,,,,1740.32,1484.72,255.5999999999999,1513.15,1391.23,121.92000000000007,0.5,0.0,0.5,0.3,1.0,1.0,,,,,,,,
,,,,,,,,,,,,,,,,,,,,,,,,,,,,,,,,,,,,,,,,,,,,,,,,,,1823.66,1487.71,335.95000000000005,1482.1,1496.57,-14.470000000000027,0.2857142857142857,0.4444444444444444,0.8,0.3,1.0,0.0,,,,,,,,
,,,,,,,,,,,,,,,,,,,,,,,,,,,,,,,,,,,,,,,,,,,,,,,,,,1684.55,1450.65,233.89999999999986,1629.21,1500.0,129.21000000000004,0.65,,0.6,0.3,1.0,1.0,,,,,,,,
,,,,,,,,,,,,,,,,,,,,,,,,,,,,,,,,,,,,,,,,,,,,,,,,,,1596.39,1563.37,33.02000000000021,1496.82,1494.03,2.7899999999999636,0.3333333333333333,0.5,0.5,0.6,1.0,1.0,,,,,,,,
,,,,,,,,,,,,,,,,,,,,,,,,,,,,,,,,,,,,,,,,,,,,,,,,,,1739.87,1497.17,242.69999999999982,1553.6,1500.0,53.59999999999991,0.6666666666666666,,0.7,0.4,1.0,1.0,,,,,,,,
,,,,,,,,,,,,,,,,,,,,,,,,,,,,,,,,,,,,,,,,,,,,,,,,,,1833.03,1469.25,363.78,1689.31,1454.06,235.25,0.75,0.0,0.7,0.25,1.0,1.0,,,,,,,,
,,,,,,,,,,,,,,,,,,,,,,,,,,,,,,,,,,,,,,,,,,,,,,,,,,1710.66,1672.37,38.29000000000019,1571.2,1501.26,69.94000000000005,0.6666666666666666,0.5,0.6,0.5,1.0,1.0,,,,,,,,
,,,,,,,,,,,,,,,,,,,,,,,,,,,,,,,,,,,,,,,,,,,,,,,,,,1522.99,1664.37,-141.37999999999988,1481.95,1446.06,35.8900000000001,0.45454545454545453,0.0,0.2,0.4,0.0,1.0,,,,,,,,
,,,,,,,,,,,,,,,,,,,,,,,,,,,,,,,,,,,,,,,,,,,,,,,,,,1499.75,1461.48,38.26999999999998,1500.0,1500.0,0.0,,,0.4,0.0,1.0,0.0,,,,,,,,
,,,,,,,,,,,,,,,,,,,,,,,,,,,,,,,,,,,,,,,,,,,,,,,,,,1620.35,1866.64,-246.2900000000002,1431.93,1627.1,-195.16999999999985,0.2,0.7222222222222222,0.5,0.8,0.0,0.0,,,,,,,,
,,,,,,,,,,,,,,,,,,,,,,,,,,,,,,,,,,,,,,,,,,,,,,,,,,1764.7,1740.32,24.38000000000011,1513.73,1600.44,-86.71000000000004,0.8,0.625,0.6,0.7,1.0,0.0,,,,,,,,
,,,,,,,,,,,,,,,,,,,,,,,,,,,,,,,,,,,,,,,,,,,,,,,,,,1680.25,1698.69,-18.440000000000055,1559.84,1494.01,65.82999999999993,0.5625,0.375,0.6,0.5,0.0,1.0,,,,,,,,
,,,,,,,,,,,,,,,,,,,,,,,,,,,,,,,,,,,,,,,,,,,,,,,,,,1725.12,1761.06,-35.940000000000055,1571.02,1716.76,-145.74,0.625,0.7391304347826086,0.6,0.7,0.0,0.0,,,,,,,,
,,,,,,,,,,,,,,,,,,,,,,,,,,,,,,,,,,,,,,,,,,,,,,,,,,1742.76,1911.38,-168.62000000000012,1550.16,1638.31,-88.14999999999986,0.6,0.6153846153846154,0.7,0.8,0.0,0.0,,,,,,,,
,,,,,,,,,,,,,,,,,,,,,,,,,,,,,,,,,,,,,,,,,,,,,,,,,,1499.75,1522.99,-23.24000000000001,1500.0,1481.95,18.049999999999955,,0.45454545454545453,0.4,0.2,0.0,1.0,,,,,,,,
,,,,,,,,,,,,,,,,,,,,,,,,,,,,,,,,,,,,,,,,,,,,,,,,,,1566.65,1712.64,-145.99,1557.86,1667.88,-110.02000000000021,0.5294117647058824,0.7272727272727273,0.4,0.7,0.0,0.0,,,,,,,,
,,,,,,,,,,,,,,,,,,,,,,,,,,,,,,,,,,,,,,,,,,,,,,,,,,1673.03,1823.66,-150.6300000000001,1570.52,1482.1,88.42000000000007,0.6428571428571429,0.2857142857142857,0.3,0.8,0.0,1.0,,,,,,,,
,,,,,,,,,,,,,,,,,,,,,,,,,,,,,,,,,,,,,,,,,,,,,,,,,,1823.66,1684.55,139.11000000000013,1482.1,1629.21,-147.11000000000013,0.2857142857142857,0.65,0.8,0.6,1.0,0.0,,,,,,,,
,,,,,,,,,,,,,,,,,,,,,,,,,,,,,,,,,,,,,,,,,,,,,,,,,,1673.03,1949.1,-276.06999999999994,1570.52,1695.09,-124.56999999999994,0.6428571428571429,0.8125,0.3,0.8,0.0,0.0,,,,,,,,
,,,,,,,,,,,,,,,,,,,,,,,,,,,,,,,,,,,,,,,,,,,,,,,,,,1823.66,1742.76,80.90000000000009,1482.1,1550.16,-68.06000000000017,0.2857142857142857,0.6,0.8,0.7,1.0,0.0,,,,,,,,
,,,,,,,,,,,,,,,,,,,,,,,,,,,,,,,,,,,,,,,,,,,,,,,,,,1684.55,1499.75,184.79999999999995,1629.21,1500.0,129.21000000000004,0.65,,0.6,0.4,1.0,1.0,,,,,,,,
,,,,,,,,,,,,,,,,,,,,,,,,,,,,,,,,,,,,,,,,,,,,,,,,,,1949.1,1725.12,223.98000000000002,1695.09,1571.02,124.06999999999994,0.8125,0.625,0.8,0.6,1.0,1.0,,,,,,,,
,,,,,,,,,,,,,,,,,,,,,,,,,,,,,,,,,,,,,,,,,,,,,,,,,,1673.03,1745.21,-72.18000000000006,1570.52,1667.47,-96.95000000000005,0.6428571428571429,0.7058823529411765,0.3,0.6,0.0,0.0,,,,,,,,
,,,,,,,,,,,,,,,,,,,,,,,,,,,,,,,,,,,,,,,,,,,,,,,,,,1823.66,1856.36,-32.69999999999982,1482.1,1677.63,-195.5300000000002,0.2857142857142857,0.8461538461538461,0.8,0.8,0.0,0.0,,,,,,,,
,,,,,,,,,,,,,,,,,,,,,,,,,,,,,,,,,,,,,,,,,,,,,,,,,,1684.55,1739.87,-55.319999999999936,1629.21,1553.6,75.61000000000013,0.65,0.6666666666666666,0.6,0.7,0.0,1.0,,,,,,,,
,,,,,,,,,,,,,,,,,,,,,,,,,,,,,,,,,,,,,,,,,,,,,,,,,,1620.35,1566.65,53.69999999999982,1431.93,1557.86,-125.92999999999984,0.2,0.5294117647058824,0.5,0.4,1.0,0.0,,,,,,,,
,,,,,,,,,,,,,,,,,,,,,,,,,,,,,,,,,,,,,,,,,,,,,,,,,,1499.75,1710.66,-210.91000000000008,1500.0,1571.2,-71.20000000000005,,0.6666666666666666,0.4,0.6,0.0,0.0,,,,,,,,
,,,,,,,,,,,,,,,,,,,,,,,,,,,,,,,,,,,,,,,,,,,,,,,,,,1949.1,1764.7,184.39999999999986,1695.09,1513.73,181.3599999999999,0.8125,0.8,0.8,0.6,1.0,1.0,,,,,,,,
,,,,,,,,,,,,,,,,,,,,,,,,,,,,,,,,,,,,,,,,,,,,,,,,,,1673.03,1876.87,-203.83999999999992,1570.52,1481.99,88.52999999999997,0.6428571428571429,0.3333333333333333,0.3,0.8,0.0,1.0,,,,,,,,
,,,,,,,,,,,,,,,,,,,,,,,,,,,,,,,,,,,,,,,,,,,,,,,,,,1745.21,1777.71,-32.5,1667.47,1579.02,88.45000000000005,0.7058823529411765,0.7142857142857143,0.6,0.7,0.0,1.0,,,,,,,,
,,,,,,,,,,,,,,,,,,,,,,,,,,,,,,,,,,,,,,,,,,,,,,,,,,1911.38,1445.78,465.60000000000014,1638.31,1419.47,218.83999999999992,0.6153846153846154,0.0,0.8,0.0,1.0,1.0,,,,,,,,
,,,,,,,,,,,,,,,,,,,,,,,,,,,,,,,,,,,,,,,,,,,,,,,,,,1742.76,1696.53,46.23000000000002,1550.16,1608.71,-58.549999999999955,0.6,0.7777777777777778,0.7,0.7,1.0,0.0,,,,,,,,
,,,,,,,,,,,,,,,,,,,,,,,,,,,,,,,,,,,,,,,,,,,,,,,,,,1856.36,1741.21,115.14999999999986,1677.63,1491.03,186.60000000000014,0.8461538461538461,0.375,0.8,0.4,1.0,1.0,,,,,,,,
,,,,,,,,,,,,,,,,,,,,,,,,,,,,,,,,,,,,,,,,,,,,,,,,,,1823.66,1680.25,143.41000000000008,1482.1,1559.84,-77.74000000000001,0.2857142857142857,0.5625,0.8,0.6,1.0,0.0,,,,,,,,
,,,,,,,,,,,,,,,,,,,,,,,,,,,,,,,,,,,,,,,,,,,,,,,,,,1684.55,1596.39,88.15999999999985,1629.21,1496.82,132.3900000000001,0.65,0.3333333333333333,0.6,0.5,1.0,1.0,,,,,,,,
,,,,,,,,,,,,,,,,,,,,,,,,,,,,,,,,,,,,,,,,,,,,,,,,,,1739.87,1833.03,-93.16000000000008,1553.6,1689.31,-135.71000000000004,0.6666666666666666,0.75,0.7,0.7,0.0,0.0,,,,,,,,
,,,,,,,,,,,,,,,,,,,,,,,,,,,,,,,,,,,,,,,,,,,,,,,,,,1710.66,1740.32,-29.659999999999854,1571.2,1513.15,58.049999999999955,0.6666666666666666,0.5,0.6,0.5,0.0,1.0,,,,,,,,
,,,,,,,,,,,,,,,,,,,,,,,,,,,,,,,,,,,,,,,,,,,,,,,,,,1725.12,1620.35,104.76999999999998,1571.02,1431.93,139.08999999999992,0.625,0.2,0.6,0.5,1.0,1.0,,,,,,,,
,,,,,,,,,,,,,,,,,,,,,,,,,,,,,,,,,,,,,,,,,,,,,,,,,,1725.12,1532.2,192.91999999999985,1571.02,1510.68,60.33999999999992,0.625,0.5333333333333333,0.6,0.4,1.0,1.0,,,,,,,,
,,,,,,,,,,,,,,,,,,,,,,,,,,,,,,,,,,,,,,,,,,,,,,,,,,1777.71,1631.46,146.25,1579.02,1659.7,-80.68000000000006,0.7142857142857143,0.4,0.7,0.4,1.0,0.0,,,,,,,,
,,,,,,,,,,,,,,,,,,,,,,,,,,,,,,,,,,,,,,,,,,,,,,,,,,1740.32,1574.32,166.0,1600.44,1490.84,109.60000000000014,0.625,0.4,0.7,0.4,1.0,1.0,,,,,,,,
,,,,,,,,,,,,,,,,,,,,,,,,,,,,,,,,,,,,,,,,,,,,,,,,,,1745.21,1649.11,96.10000000000014,1667.47,1654.14,13.329999999999927,0.7058823529411765,0.8,0.6,0.5,1.0,1.0,,,,,,,,
,,,,,,,,,,,,,,,,,,,,,,,,,,,,,,,,,,,,,,,,,,,,,,,,,,1509.95,1502.73,7.220000000000027,1503.9,1462.39,41.50999999999999,0.5,0.0,0.5,0.6,1.0,1.0,,,,,,,,
,,,,,,,,,,,,,,,,,,,,,,,,,,,,,,,,,,,,,,,,,,,,,,,,,,1522.44,1705.96,-183.51999999999998,1383.61,1565.29,-181.68000000000006,0.16666666666666666,0.6666666666666666,0.3,0.6,0.0,0.0,,,,,,,,
,,,,,,,,,,,,,,,,,,,,,,,,,,,,,,,,,,,,,,,,,,,,,,,,,,1677.5,1564.88,112.61999999999989,1642.14,1534.4,107.74000000000001,0.6923076923076923,0.5384615384615384,0.6,0.4,1.0,1.0,,,,,,,,
,,,,,,,,,,,,,,,,,,,,,,,,,,,,,,,,,,,,,,,,,,,,,,,,,,1687.54,1533.66,153.87999999999988,1596.11,1500.0,96.1099999999999,0.6666666666666666,,0.6,0.5555555555555556,1.0,1.0,,,,,,,,
,,,,,,,,,,,,,,,,,,,,,,,,,,,,,,,,,,,,,,,,,,,,,,,,,,1546.51,1520.84,25.670000000000073,1568.07,1476.79,91.27999999999997,0.6363636363636364,0.6666666666666666,0.3,0.6,1.0,1.0,,,,,,,,
,,,,,,,,,,,,,,,,,,,,,,,,,,,,,,,,,,,,,,,,,,,,,,,,,,2139.55,1566.96,572.5900000000001,1615.17,1565.34,49.830000000000155,0.75,0.5,1.0,0.4,1.0,1.0,,,,,,,,
,,,,,,,,,,,,,,,,,,,,,,,,,,,,,,,,,,,,,,,,,,,,,,,,,,1725.12,1620.26,104.8599999999999,1571.02,1511.78,59.24000000000001,0.625,0.5,0.6,0.4,1.0,1.0,,,,,,,,
,,,,,,,,,,,,,,,,,,,,,,,,,,,,,,,,,,,,,,,,,,,,,,,,,,1712.64,1522.77,189.87000000000012,1667.88,1537.21,130.67000000000007,0.7272727272727273,0.5384615384615384,0.7,0.3,1.0,1.0,,,,,,,,
,,,,,,,,,,,,,,,,,,,,,,,,,,,,,,,,,,,,,,,,,,,,,,,,,,1620.35,1546.99,73.3599999999999,1431.93,1500.97,-69.03999999999996,0.2,0.45454545454545453,0.5,0.7,1.0,0.0,,,,,,,,
,,,,,,,,,,,,,,,,,,,,,,,,,,,,,,,,,,,,,,,,,,,,,,,,,,1866.64,1505.34,361.3000000000002,1627.1,1511.5,115.59999999999991,0.7222222222222222,0.5714285714285714,0.8,0.5,1.0,1.0,,,,,,,,
,,,,,,,,,,,,,,,,,,,,,,,,,,,,,,,,,,,,,,,,,,,,,,,,,,1499.75,1782.02,-282.27,1500.0,1460.09,39.91000000000008,,0.375,0.4,0.6,0.0,1.0,,,,,,,,
,,,,,,,,,,,,,,,,,,,,,,,,,,,,,,,,,,,,,,,,,,,,,,,,,,1461.48,1523.47,-61.99000000000001,1500.0,1497.42,2.5799999999999272,,0.0,0.0,0.4,0.0,1.0,,,,,,,,
,,,,,,,,,,,,,,,,,,,,,,,,,,,,,,,,,,,,,,,,,,,,,,,,,,1522.99,1671.13,-148.1400000000001,1481.95,1513.26,-31.309999999999945,0.45454545454545453,0.6,0.2,0.6,0.0,0.0,,,,,,,,
,,,,,,,,,,,,,,,,,,,,,,,,,,,,,,,,,,,,,,,,,,,,,,,,,,1664.37,1569.26,95.1099999999999,1446.06,1481.09,-35.02999999999997,0.0,0.0,0.4,0.4,1.0,0.0,,,,,,,,
,,,,,,,,,,,,,,,,,,,,,,,,,,,,,,,,,,,,,,,,,,,,,,,,,,1876.87,1628.73,248.13999999999987,1481.99,1428.09,53.90000000000009,0.3333333333333333,0.0,0.8,0.5,1.0,1.0,,,,,,,,
,,,,,,,,,,,,,,,,,,,,,,,,,,,,,,,,,,,,,,,,,,,,,,,,,,1557.66,1613.66,-56.0,1548.7,1480.89,67.80999999999995,0.6,0.3333333333333333,0.6,0.7,0.0,1.0,,,,,,,,
,,,,,,,,,,,,,,,,,,,,,,,,,,,,,,,,,,,,,,,,,,,,,,,,,,1623.26,1496.07,127.19000000000005,1403.48,1458.36,-54.87999999999988,0.16666666666666666,0.2,0.5,0.2,1.0,0.0,,,,,,,,
,,,,,,,,,,,,,,,,,,,,,,,,,,,,,,,,,,,,,,,,,,,,,,,,,,1664.73,1551.16,113.56999999999994,1602.43,1532.59,69.84000000000015,0.45454545454545453,0.5714285714285714,0.5,0.4,1.0,1.0,,,,,,,,
,,,,,,,,,,,,,,,,,,,,,,,,,,,,,,,,,,,,,,,,,,,,,,,,,,1761.06,1489.91,271.14999999999986,1716.76,1531.75,185.01,0.7391304347826086,0.6666666666666666,0.7,0.4,1.0,1.0,,,,,,,,
,,,,,,,,,,,,,,,,,,,,,,,,,,,,,,,,,,,,,,,,,,,,,,,,,,1532.2,1521.04,11.160000000000082,1510.68,1496.56,14.120000000000118,0.5333333333333333,0.45454545454545453,0.4,0.4,1.0,1.0,,,,,,,,
,,,,,,,,,,,,,,,,,,,,,,,,,,,,,,,,,,,,,,,,,,,,,,,,,,1489.91,1438.89,51.01999999999998,1531.75,1462.86,68.8900000000001,0.6666666666666666,0.0,0.4,0.2,1.0,1.0,,,,,,,,
,,,,,,,,,,,,,,,,,,,,,,,,,,,,,,,,,,,,,,,,,,,,,,,,,,1761.06,1480.07,280.99,1716.76,1482.81,233.95000000000005,0.7391304347826086,0.0,0.7,0.4,1.0,1.0,,,,,,,,
,,,,,,,,,,,,,,,,,,,,,,,,,,,,,,,,,,,,,,,,,,,,,,,,,,1740.32,1503.71,236.6099999999999,1600.44,1459.61,140.83000000000015,0.625,0.3333333333333333,0.7,0.2,1.0,1.0,,,,,,,,
,,,,,,,,,,,,,,,,,,,,,,,,,,,,,,,,,,,,,,,,,,,,,,,,,,1574.32,1682.44,-108.12000000000012,1490.84,1528.42,-37.580000000000155,0.4,0.46153846153846156,0.4,0.5,0.0,0.0,,,,,,,,
,,,,,,,,,,,,,,,,,,,,,,,,,,,,,,,,,,,,,,,,,,,,,,,,,,1647.92,1570.51,77.41000000000008,1524.24,1500.0,24.24000000000001,0.5714285714285714,,0.7,0.4,1.0,1.0,,,,,,,,
,,,,,,,,,,,,,,,,,,,,,,,,,,,,,,,,,,,,,,,,,,,,,,,,,,1710.66,1383.97,326.69000000000005,1571.2,1500.0,71.20000000000005,0.6666666666666666,,0.6,0.2,1.0,1.0,,,,,,,,
,,,,,,,,,,,,,,,,,,,,,,,,,,,,,,,,,,,,,,,,,,,,,,,,,,1764.7,1412.19,352.51,1513.73,1472.97,40.75999999999999,0.8,0.3333333333333333,0.6,0.3,1.0,1.0,,,,,,,,
,,,,,,,,,,,,,,,,,,,,,,,,,,,,,,,,,,,,,,,,,,,,,,,,,,1668.01,1486.88,181.12999999999988,1593.0,1453.85,139.1500000000001,0.5,0.2,0.5,0.3,1.0,1.0,,,,,,,,
,,,,,,,,,,,,,,,,,,,,,,,,,,,,,,,,,,,,,,,,,,,,,,,,,,1612.87,1464.21,148.65999999999985,1478.99,1415.39,63.59999999999991,0.0,0.0,0.5,0.3,1.0,1.0,,,,,,,,
,,,,,,,,,,,,,,,,,,,,,,,,,,,,,,,,,,,,,,,,,,,,,,,,,,1949.1,1561.25,387.8499999999999,1695.09,1456.89,238.19999999999982,0.8125,0.0,0.8,0.7,1.0,1.0,,,,,,,,
,,,,,,,,,,,,,,,,,,,,,,,,,,,,,,,,,,,,,,,,,,,,,,,,,,1471.5,1763.05,-291.54999999999995,1481.65,1594.13,-112.48000000000002,0.0,0.8333333333333334,0.2857142857142857,0.6,0.0,0.0,,,,,,,,
,,,,,,,,,,,,,,,,,,,,,,,,,,,,,,,,,,,,,,,,,,,,,,,,,,1494.58,1584.48,-89.90000000000009,1443.78,1484.13,-40.350000000000136,0.2,0.5,0.4,0.4,0.0,0.0,,,,,,,,
,,,,,,,,,,,,,,,,,,,,,,,,,,,,,,,,,,,,,,,,,,,,,,,,,,1542.35,1487.7,54.649999999999864,1399.71,1500.0,-100.28999999999996,0.0,,0.6,0.3,1.0,0.0,,,,,,,,
,,,,,,,,,,,,,,,,,,,,,,,,,,,,,,,,,,,,,,,,,,,,,,,,,,1673.03,1628.06,44.97000000000003,1570.52,1612.63,-42.11000000000013,0.6428571428571429,0.625,0.3,0.3,1.0,0.0,,,,,,,,
,,,,,,,,,,,,,,,,,,,,,,,,,,,,,,,,,,,,,,,,,,,,,,,,,,1734.46,1559.8,174.66000000000008,1590.93,1509.98,80.95000000000005,0.6666666666666666,0.5,0.7,0.4,1.0,1.0,,,,,,,,
,,,,,,,,,,,,,,,,,,,,,,,,,,,,,,,,,,,,,,,,,,,,,,,,,,1672.37,1448.34,224.02999999999997,1501.26,1431.61,69.65000000000009,0.5,0.0,0.5,0.3,1.0,1.0,,,,,,,,
,,,,,,,,,,,,,,,,,,,,,,,,,,,,,,,,,,,,,,,,,,,,,,,,,,1566.65,1430.3,136.35000000000014,1557.86,1495.02,62.83999999999992,0.5294117647058824,0.3333333333333333,0.4,0.3,1.0,1.0,,,,,,,,
,,,,,,,,,,,,,,,,,,,,,,,,,,,,,,,,,,,,,,,,,,,,,,,,,,1740.32,1469.88,270.4399999999998,1513.15,1500.0,13.150000000000091,0.5,,0.5,0.2,1.0,1.0,,,,,,,,
,,,,,,,,,,,,,,,,,,,,,,,,,,,,,,,,,,,,,,,,,,,,,,,,,,1742.76,1550.25,192.51,1550.16,1476.05,74.11000000000013,0.6,0.5,0.7,0.5,1.0,1.0,,,,,,,,
,,,,,,,,,,,,,,,,,,,,,,,,,,,,,,,,,,,,,,,,,,,,,,,,,,1445.78,1643.65,-197.87000000000012,1419.47,1474.2,-54.73000000000002,0.0,0.4,0.0,0.3,0.0,0.0,,,,,,,,
,,,,,,,,,,,,,,,,,,,,,,,,,,,,,,,,,,,,,,,,,,,,,,,,,,1565.29,1532.39,32.899999999999864,1431.32,1500.0,-68.68000000000006,0.0,,0.2,0.4,1.0,0.0,,,,,,,,
,,,,,,,,,,,,,,,,,,,,,,,,,,,,,,,,,,,,,,,,,,,,,,,,,,1487.15,1570.1,-82.94999999999982,1500.0,1500.0,0.0,,,0.3333333333333333,0.4,0.0,0.0,,,,,,,,
,,,,,,,,,,,,,,,,,,,,,,,,,,,,,,,,,,,,,,,,,,,,,,,,,,1911.38,1550.27,361.1100000000001,1638.31,1481.73,156.57999999999993,0.6153846153846154,0.4,0.8,0.5,1.0,1.0,,,,,,,,
,,,,,,,,,,,,,,,,,,,,,,,,,,,,,,,,,,,,,,,,,,,,,,,,,,1484.72,1612.77,-128.04999999999995,1391.23,1457.1,-65.86999999999989,0.0,0.25,0.3,0.3,0.0,0.0,,,,,,,,
,,,,,,,,,,,,,,,,,,,,,,,,,,,,,,,,,,,,,,,,,,,,,,,,,,1777.71,1687.54,90.17000000000007,1579.02,1596.11,-17.089999999999918,0.7142857142857143,0.6666666666666666,0.7,0.6,1.0,0.0,,,,,,,,
,,,,,,,,,,,,,,,,,,,,,,,,,,,,,,,,,,,,,,,,,,,,,,,,,,1734.18,1587.65,146.52999999999997,1517.94,1542.68,-24.74000000000001,0.5,0.6,0.6,0.4,1.0,0.0,,,,,,,,
,,,,,,,,,,,,,,,,,,,,,,,,,,,,,,,,,,,,,,,,,,,,,,,,,,1522.44,1677.5,-155.05999999999995,1383.61,1642.14,-258.5300000000002,0.16666666666666666,0.6923076923076923,0.3,0.6,0.0,0.0,,,,,,,,
,,,,,,,,,,,,,,,,,,,,,,,,,,,,,,,,,,,,,,,,,,,,,,,,,,1876.87,1557.66,319.2099999999998,1481.99,1548.7,-66.71000000000004,0.3333333333333333,0.6,0.8,0.6,1.0,0.0,,,,,,,,
,,,,,,,,,,,,,,,,,,,,,,,,,,,,,,,,,,,,,,,,,,,,,,,,,,1664.73,1623.26,41.47000000000003,1602.43,1403.48,198.95000000000005,0.45454545454545453,0.16666666666666666,0.5,0.5,1.0,1.0,,,,,,,,
,,,,,,,,,,,,,,,,,,,,,,,,,,,,,,,,,,,,,,,,,,,,,,,,,,1673.03,1542.35,130.68000000000006,1570.52,1399.71,170.80999999999995,0.6428571428571429,0.0,0.3,0.6,1.0,1.0,,,,,,,,
,,,,,,,,,,,,,,,,,,,,,,,,,,,,,,,,,,,,,,,,,,,,,,,,,,1471.5,1494.58,-23.079999999999927,1481.65,1443.78,37.87000000000012,0.0,0.2,0.2857142857142857,0.4,0.0,1.0,,,,,,,,
,,,,,,,,,,,,,,,,,,,,,,,,,,,,,,,,,,,,,,,,,,,,,,,,,,1949.1,1612.87,336.23,1695.09,1478.99,216.0999999999999,0.8125,0.0,0.8,0.5,1.0,1.0,,,,,,,,
,,,,,,,,,,,,,,,,,,,,,,,,,,,,,,,,,,,,,,,,,,,,,,,,,,1668.01,1734.46,-66.45000000000005,1593.0,1590.93,2.0699999999999363,0.5,0.6666666666666666,0.5,0.7,0.0,1.0,,,,,,,,
,,,,,,,,,,,,,,,,,,,,,,,,,,,,,,,,,,,,,,,,,,,,,,,,,,1764.7,1647.92,116.77999999999997,1513.73,1524.24,-10.509999999999991,0.8,0.5714285714285714,0.6,0.7,1.0,0.0,,,,,,,,
,,,,,,,,,,,,,,,,,,,,,,,,,,,,,,,,,,,,,,,,,,,,,,,,,,1745.21,1509.95,235.26,1667.47,1503.9,163.56999999999994,0.7058823529411765,0.5,0.6,0.5,1.0,1.0,,,,,,,,
,,,,,,,,,,,,,,,,,,,,,,,,,,,,,,,,,,,,,,,,,,,,,,,,,,1696.53,1662.55,33.98000000000002,1608.71,1607.95,0.7599999999999909,0.7777777777777778,0.5,0.7,0.5,1.0,1.0,,,,,,,,
,,,,,,,,,,,,,,,,,,,,,,,,,,,,,,,,,,,,,,,,,,,,,,,,,,2139.55,1546.51,593.0400000000002,1615.17,1568.07,47.100000000000136,0.75,0.6363636363636364,1.0,0.3,1.0,1.0,,,,,,,,
,,,,,,,,,,,,,,,,,,,,,,,,,,,,,,,,,,,,,,,,,,,,,,,,,,1856.36,1492.92,363.4399999999998,1677.63,1400.25,277.3800000000001,0.8461538461538461,0.0,0.8,0.2,1.0,1.0,,,,,,,,
,,,,,,,,,,,,,,,,,,,,,,,,,,,,,,,,,,,,,,,,,,,,,,,,,,1833.03,1401.39,431.6399999999999,1689.31,1528.0,161.30999999999995,0.75,0.2857142857142857,0.7,0.0,1.0,1.0,,,,,,,,
,,,,,,,,,,,,,,,,,,,,,,,,,,,,,,,,,,,,,,,,,,,,,,,,,,1672.63,1416.89,255.74,1463.88,1500.0,-36.11999999999989,0.3333333333333333,,0.4,0.1,1.0,0.0,,,,,,,,
,,,,,,,,,,,,,,,,,,,,,,,,,,,,,,,,,,,,,,,,,,,,,,,,,,1469.25,1471.18,-1.9300000000000637,1454.06,1412.81,41.25,0.0,0.2,0.25,0.2,0.0,1.0,,,,,,,,
,,,,,,,,,,,,,,,,,,,,,,,,,,,,,,,,,,,,,,,,,,,,,,,,,,1739.87,1855.95,-116.08000000000015,1553.6,1559.69,-6.0900000000001455,0.6666666666666666,0.4,0.7,0.8,0.0,0.0,,,,,,,,
,,,,,,,,,,,,,,,,,,,,,,,,,,,,,,,,,,,,,,,,,,,,,,,,,,1497.17,1736.79,-239.6199999999999,1500.0,1523.79,-23.789999999999964,,0.6,0.4,0.7,0.0,0.0,,,,,,,,
,,,,,,,,,,,,,,,,,,,,,,,,,,,,,,,,,,,,,,,,,,,,,,,,,,1596.39,1478.31,118.08000000000015,1496.82,1497.05,-0.2300000000000182,0.3333333333333333,0.3333333333333333,0.5,0.3,1.0,0.0,,,,,,,,
,,,,,,,,,,,,,,,,,,,,,,,,,,,,,,,,,,,,,,,,,,,,,,,,,,1684.55,1586.6,97.95000000000005,1629.21,1444.77,184.44000000000005,0.65,0.16666666666666666,0.6,0.4,1.0,1.0,,,,,,,,
,,,,,,,,,,,,,,,,,,,,,,,,,,,,,,,,,,,,,,,,,,,,,,,,,,1563.37,1606.89,-43.52000000000021,1494.03,1569.73,-75.70000000000005,0.5,0.7142857142857143,0.6,0.4,0.0,0.0,,,,,,,,
,,,,,,,,,,,,,,,,,,,,,,,,,,,,,,,,,,,,,,,,,,,,,,,,,,1823.66,1629.95,193.71000000000004,1482.1,1472.67,9.429999999999836,0.2857142857142857,0.3333333333333333,0.8,0.5,1.0,1.0,,,,,,,,
,,,,,,,,,,,,,,,,,,,,,,,,,,,,,,,,,,,,,,,,,,,,,,,,,,1487.71,1522.39,-34.680000000000064,1496.57,1488.98,7.589999999999918,0.4444444444444444,0.5384615384615384,0.3,0.4,0.0,1.0,,,,,,,,
,,,,,,,,,,,,,,,,,,,,,,,,,,,,,,,,,,,,,,,,,,,,,,,,,,1680.25,1633.78,46.47000000000003,1559.84,1471.58,88.25999999999999,0.5625,0.25,0.6,0.5,1.0,1.0,,,,,,,,
,,,,,,,,,,,,,,,,,,,,,,,,,,,,,,,,,,,,,,,,,,,,,,,,,,1698.69,1508.6,190.09000000000015,1494.01,1471.28,22.730000000000018,0.375,0.3333333333333333,0.5,0.6,1.0,1.0,,,,,,,,
,,,,,,,,,,,,,,,,,,,,,,,,,,,,,,,,,,,,,,,,,,,,,,,,,,1741.21,1531.2,210.01,1491.03,1500.0,-8.970000000000027,0.375,,0.4,0.6,1.0,0.0,,,,,,,,
,,,,,,,,,,,,,,,,,,,,,,,,,,,,,,,,,,,,,,,,,,,,,,,,,,1558.03,1626.25,-68.22000000000003,1415.57,1482.34,-66.76999999999998,0.2,0.3333333333333333,0.4,0.8,0.0,0.0,,,,,,,,
,,,,,,,,,,,,,,,,,,,,,,,,,,,,,,,,,,,,,,,,,,,,,,,,,,1478.43,1513.6,-35.169999999999845,1420.41,1446.82,-26.409999999999854,0.0,0.3333333333333333,0.4,0.3,0.0,0.0,,,,,,,,
,,,,,,,,,,,,,,,,,,,,,,,,,,,,,,,,,,,,,,,,,,,,,,,,,,1450.65,1472.6,-21.949999999999818,1500.0,1523.62,-23.61999999999989,,0.5,0.3,0.3,0.0,0.0,,,,,,,,
